project_id,project_name,description,state,district,latitude,longitude,category,sanctioned_amount,actual_expenditure,start_date,completion_date,contractor,reported_progress,image_path
MPL-00101,Construction of village playground in Tagorepur,Construction of village playground in Tagorepur,Maharashtra,Nashik,19.976521,73.906227,Sports Infrastructure,1115194.93,1132462.44,2022-07-04,2022-10-16,Reliable Infra Ltd.,89.7,/static/demo_images/sports_infrastructure_placeholder.jpg
MPL-00498,Check dam construction for irrigation in Gopalpur,Check dam construction for irrigation in Gopalpur,Maharashtra,Aurangabad,19.797584,75.325356,Irrigation,2351391.87,2097844.46,2022-11-14,2023-05-12,Om Infra Ltd.,94.6,/static/demo_images/irrigation_placeholder.jpg
MPL-00743,"Construction of additional classrooms at Government School, Saraswatipur","Construction of additional classrooms at Government School, Saraswatipur",Bihar,Patna,25.655342,85.100613,School Infrastructure,2846057.03,2608778.15,2021-07-10,2021-12-14,Om Infra Ltd.,98.8,/static/demo_images/school_infrastructure_placeholder.jpg
MPL-00959,Repair and widening of village road in Tagorepur,Repair and widening of village road in Tagorepur,Uttar Pradesh,Varanasi,25.452576,83.097102,Road Construction,2707830.39,2702792.46,2020-07-05,2020-12-13,SuperFast Construction Co.,96.0,/static/demo_images/road_construction_placeholder.jpg
MPL-00658,Construction of Community Centre in Rampur,Construction of Community Centre in Rampur,Bihar,Darbhanga,26.240227,85.815386,Community Hall,1958426.55,4077752.41,2023-12-25,2024-04-15,National Infra Ltd.,97.1,/static/demo_images/community_hall_placeholder.jpg
MPL-00031,Construction of public toilet complex in Rampur,Construction of public toilet complex in Rampur,Tamil Nadu,Coimbatore,11.087769,76.905456,Sanitation,1071571.12,1082765.85,2021-12-28,2022-04-24,Sundar Construction Co.,96.8,/static/demo_images/sanitation_placeholder.jpg
MPL-00594,Upgradation of health centre facilities in Ganeshpur,Upgradation of health centre facilities in Ganeshpur,West Bengal,Kolkata,22.565167,88.324222,Healthcare Facility,2270428.5,2222930.04,2019-05-23,2020-03-20,Om Infra Ltd.,95.4,/static/demo_images/healthcare_facility_placeholder.jpg
MPL-00565,Construction of dispensary building in Lakshmipur,Construction of dispensary building in Lakshmipur,Tamil Nadu,Madurai,9.776499,78.187405,Healthcare Facility,3810580.24,3940503.63,2021-01-28,2021-10-19,Cityscape Construction Co.,95.1,/static/demo_images/healthcare_facility_placeholder.jpg
MPL-00391,Construction of village public library in Narayanpur,Construction of village public library in Narayanpur,Karnataka,Mangaluru,12.928669,74.777142,Library,964210.83,937807.66,2021-05-12,2021-08-17,Reliable Builders,95.5,/static/demo_images/library_placeholder.jpg
MPL-00344,Rural electrification work in Chandpur,Rural electrification work in Chandpur,Tamil Nadu,Salem,11.602372,78.281092,Electrification,730968.36,690744.22,2019-02-06,2019-05-06,United Infra Ltd.,95.0,/static/demo_images/electrification_placeholder.jpg
MPL-00504,Building of village community hall at Anandpur,Building of village community hall at Anandpur,Kerala,Thrissur,10.606757,76.258772,Community Hall,2104800.1,1866860.29,2020-03-30,2020-07-31,Sundar Engineering Works,88.8,/static/demo_images/community_hall_placeholder.jpg
MPL-00545,Building of village community hall at Rampur,Building of village community hall at Rampur,Karnataka,Bengaluru,12.985444,77.596823,Community Hall,1870865.93,1700825.5,2020-08-25,2021-04-18,Shree Balaji Infra Pvt Ltd,95.9,/static/demo_images/community_hall_placeholder.jpg
MPL-00566,Construction of Community Centre in Vijaynagar,Construction of Community Centre in Vijaynagar,Maharashtra,Nagpur,21.123028,79.092475,Community Hall,1511366.95,1514815.72,2022-07-11,2022-12-13,United Engineering Works,92.0,/static/demo_images/community_hall_placeholder.jpg
MPL-00071,Construction of open gymnasium in Rampur,Construction of open gymnasium in Rampur,Rajasthan,Jaipur,27.02321,75.775893,Sports Infrastructure,719624.49,686297.15,2023-12-16,2024-04-07,Om Infra Ltd.,88.1,/static/demo_images/sports_infrastructure_placeholder.jpg
MPL-00008,Renovation of primary school building in Ashoknagar,Renovation of primary school building in Ashoknagar,Karnataka,Bengaluru,12.94029,77.718964,School Infrastructure,1905933.33,1721012.12,2021-10-07,2022-03-22,Progressive Engineering Works,93.1,/static/demo_images/school_infrastructure_placeholder.jpg
MPL-00075,Rural electrification work in Indranagar,Rural electrification work in Indranagar,Rajasthan,Jodhpur,26.335065,72.959152,Electrification,539133.51,521551.04,2020-08-31,2020-12-14,Cityscape Builders,93.1,/static/demo_images/electrification_placeholder.jpg
MPL-00554,Installation of irrigation pump sets in Krishnapur,Installation of irrigation pump sets in Krishnapur,West Bengal,Durgapur,23.59407,87.33622,Irrigation,2214591.72,2267009.3,2024-05-03,2024-10-30,United Engineering Works,90.6,/static/demo_images/irrigation_placeholder.jpg
MPL-00057,Upgradation of health centre facilities in Devipur,Upgradation of health centre facilities in Devipur,Maharashtra,Pune,18.577936,73.798562,Healthcare Facility,2953888.96,2790397.4,2022-09-16,2023-04-06,Skyline Builders,95.5,/static/demo_images/healthcare_facility_placeholder.jpg
MPL-00492,Construction of link road connecting Ganeshpur,Construction of link road connecting Ganeshpur,Bihar,Patna,25.663488,85.282674,Road Construction,3484070.43,3504187.33,2024-03-19,2024-12-18,Highway Infra Ltd.,86.2,/static/demo_images/road_construction_placeholder.jpg
MPL-00584,Repair and widening of village road in Ashoknagar,Repair and widening of village road in Ashoknagar,Karnataka,Hubli,15.366092,75.063973,Road Construction,2779604.73,2536863.5,2023-08-25,2024-03-08,Apex Engineering Works,88.8,/static/demo_images/road_construction_placeholder.jpg
MPL-00496,Development of sports ground with boundary wall in Krishnapur,Development of sports ground with boundary wall in Krishnapur,Maharashtra,Thane,19.143915,73.012839,Sports Infrastructure,962738.83,867804.26,2020-04-01,2020-07-26,Sundar Infra Ltd.,98.7,/static/demo_images/sports_infrastructure_placeholder.jpg
MPL-00053,Check dam construction for irrigation in Shivnagar,Check dam construction for irrigation in Shivnagar,Rajasthan,Jodhpur,26.377136,73.064976,Irrigation,2714543.89,2691366.38,2022-01-11,2022-06-15,Progressive Construction Co.,96.6,/static/demo_images/irrigation_placeholder.jpg
MPL-00530,Borewell and handpump installation for Sundarpur,Borewell and handpump installation for Sundarpur,Rajasthan,Jodhpur,26.308943,73.025565,Drinking Water,820558.11,762186.91,2020-02-06,2020-05-20,Cityscape Builders,92.4,/static/demo_images/drinking_water_placeholder.jpg
MPL-00869,Construction of Community Centre in Nehrunagar,Construction of Community Centre in Nehrunagar,Rajasthan,Kota,25.241151,75.785727,Community Hall,931903.05,795441.93,2019-01-20,2019-07-26,Rapid Nation Builders,98.7,/static/demo_images/community_hall_placeholder.jpg
MPL-00974,Construction of Community Centre in Saraswatipur,Construction of Community Centre in Saraswatipur,Rajasthan,Jaipur,26.942718,75.843467,Community Hall,943443.82,852481.47,2021-05-31,2021-12-02,SuperFast Construction Co.,98.3,/static/demo_images/community_hall_placeholder.jpg
MPL-00110,Construction of Community Centre in Narayanpur,Construction of Community Centre in Narayanpur,Tamil Nadu,Salem,11.612737,77.998319,Community Hall,2020521.19,1788442.03,2023-04-07,2023-10-11,Progressive Construction Co.,95.6,/static/demo_images/community_hall_placeholder.jpg
MPL-00534,Repair and widening of village road in Nehrunagar,Repair and widening of village road in Nehrunagar,Tamil Nadu,Salem,11.735028,78.012444,Road Construction,3399708.91,3348477.31,2019-07-31,2020-02-20,United Infra Ltd.,90.7,/static/demo_images/road_construction_placeholder.jpg
MPL-00601,Construction of Community Centre in Anandpur,Construction of Community Centre in Anandpur,Karnataka,Mangaluru,13.047527,74.971302,Community Hall,1236730.7,1285732.25,2021-07-25,2022-02-24,National Engineering Works,99.6,/static/demo_images/community_hall_placeholder.jpg
MPL-00343,Installation of high-mast lighting in Krishnapur,Installation of high-mast lighting in Krishnapur,Kerala,Kochi,9.876558,76.183289,Electrification,470321.46,406186.21,2023-07-11,2023-09-25,National Engineering Works,90.2,/static/demo_images/electrification_placeholder.jpg
MPL-00531,Construction of open gymnasium in Rampur,Construction of open gymnasium in Rampur,Maharashtra,Pune,18.589936,73.99168,Sports Infrastructure,805983.2,732766.14,2024-05-19,2024-09-20,Ganga Engineering Works,87.4,/static/demo_images/sports_infrastructure_placeholder.jpg
MPL-00062,Building of village community hall at Ganeshpur,Building of village community hall at Ganeshpur,Uttar Pradesh,Agra,27.311438,77.883654,Community Hall,1272286.43,1223449.22,2023-09-01,2024-03-05,Rajdhani Construction Co.,96.6,/static/demo_images/community_hall_placeholder.jpg
MPL-00186,Overhead water tank construction in Ganeshpur,Overhead water tank construction in Ganeshpur,Tamil Nadu,Salem,11.812345,78.066248,Drinking Water,1213117.63,1170927.91,2022-08-06,2022-12-12,Rajdhani Infra Ltd.,89.5,/static/demo_images/drinking_water_placeholder.jpg
MPL-00882,Building of village community hall at Anandpur,Building of village community hall at Anandpur,Tamil Nadu,Salem,11.643555,78.096122,Community Hall,1562010.9,1443229.55,2019-07-21,2020-01-23,Rapid Nation Builders,94.7,/static/demo_images/community_hall_placeholder.jpg
MPL-00431,Construction of public toilet complex in Shivnagar,Construction of public toilet complex in Shivnagar,Rajasthan,Udaipur,24.659704,73.817343,Sanitation,1070057.22,1045207.73,2024-11-17,2025-02-21,Om Builders,89.8,/static/demo_images/sanitation_placeholder.jpg
MPL-00772,Upgradation of health centre facilities in Bhagwanpur,Upgradation of health centre facilities in Bhagwanpur,West Bengal,Asansol,23.748867,86.971486,Healthcare Facility,2650884.69,2411430.62,2020-03-14,2020-10-18,Shree Builders,90.2,/static/demo_images/healthcare_facility_placeholder.jpg
MPL-00272,"Construction of additional classrooms at Government School, Nehrunagar","Construction of additional classrooms at Government School, Nehrunagar",Uttar Pradesh,Agra,27.032678,78.001497,School Infrastructure,1677121.19,1631548.7,2020-06-18,2020-11-09,Metro Engineering Works,95.8,/static/demo_images/school_infrastructure_placeholder.jpg
MPL-00730,Construction of concrete road from Chandpur to main highway,Construction of concrete road from Chandpur to main highway,West Bengal,Durgapur,23.546094,87.305269,Road Construction,2800170.1,2436601.13,2019-09-08,2019-09-14,Vishwakarma Infra Ltd.,96.3,/static/demo_images/road_construction_placeholder.jpg
MPL-00753,Construction of concrete road from Indranagar to main highway,Construction of concrete road from Indranagar to main highway,Bihar,Gaya,24.807195,85.095848,Road Construction,2753741.46,2755673.6,2020-04-25,2020-12-03,Sundar Engineering Works,97.9,/static/demo_images/road_construction_placeholder.jpg
MPL-00217,Installation of solar street lights in Gopalpur,Installation of solar street lights in Gopalpur,Rajasthan,Jaipur,26.765564,75.714922,Electrification,666405.74,635590.84,2023-12-31,2024-03-14,Skyline Engineering Works,90.9,/static/demo_images/electrification_placeholder.jpg
MPL-00899,Construction of dispensary building in Ramganj,Construction of dispensary building in Ramganj,Maharashtra,Nagpur,21.089021,79.107372,Healthcare Facility,3197308.03,2923925.34,2021-03-28,2021-10-05,Rapid Nation Builders,88.8,/static/demo_images/healthcare_facility_placeholder.jpg
MPL-00165,Construction of village public library in Saraswatipur,Construction of village public library in Saraswatipur,West Bengal,Howrah,22.733001,88.197302,Library,808649.25,839618.18,2021-04-29,2021-09-14,Modern Infra Ltd.,89.8,/static/demo_images/library_placeholder.jpg
MPL-00041,Installation of irrigation pump sets in Sundarpur,Installation of irrigation pump sets in Sundarpur,Bihar,Muzaffarpur,26.047259,85.495101,Irrigation,2007277.47,2027918.95,2022-07-23,2022-12-25,Cityscape Construction Co.,94.2,/static/demo_images/irrigation_placeholder.jpg
MPL-00262,Building of village community hall at Krishnapur,Building of village community hall at Krishnapur,Karnataka,Bengaluru,12.896066,77.551323,Community Hall,1670189.51,1645866.0,2021-12-01,2022-05-08,Sundar Infra Ltd.,85.5,/static/demo_images/community_hall_placeholder.jpg
MPL-00767,Construction of public toilet complex in Subhaspur,Construction of public toilet complex in Subhaspur,Uttar Pradesh,Lucknow,26.976432,80.837129,Sanitation,768463.64,758492.34,2020-05-25,2020-08-24,Apex Engineering Works,85.2,/static/demo_images/sanitation_placeholder.jpg
MPL-00872,Installation of solar street lights in Nehrunagar,Installation of solar street lights in Nehrunagar,Maharashtra,Nashik,19.856286,73.65415,Electrification,366237.62,319002.91,2022-08-15,2022-11-04,Rapid Nation Builders,97.9,/static/demo_images/electrification_placeholder.jpg
MPL-00363,Construction of link road connecting Gandhinagar,Construction of link road connecting Gandhinagar,Karnataka,Bengaluru,13.01167,77.526649,Road Construction,2952201.36,2851018.46,2023-03-31,2023-09-29,Skyline Infra Ltd.,93.8,/static/demo_images/road_construction_placeholder.jpg
MPL-00583,Construction of village public library in Anandpur,Construction of village public library in Anandpur,West Bengal,Siliguri,26.764472,88.532682,Library,1185936.16,1145185.79,2024-12-15,2025-03-23,Modern Construction Co.,91.4,/static/demo_images/library_placeholder.jpg
MPL-00564,Construction of open gymnasium in Tagorepur,Construction of open gymnasium in Tagorepur,Tamil Nadu,Chennai,13.005247,80.291771,Sports Infrastructure,769016.25,742582.65,2019-02-27,2019-07-13,Highway Engineering Works,88.3,/static/demo_images/sports_infrastructure_placeholder.jpg
MPL-00815,Construction of Community Hall in Indranagar,Construction of Community Hall in Indranagar,Karnataka,Hubli,15.21796,75.223804,Community Hall,1919855.32,1968226.66,2024-08-17,2024-12-27,Shree Balaji Infra Pvt Ltd,89.6,/static/demo_images/community_hall_placeholder.jpg
MPL-00806,Construction of Primary Health Sub-Centre in Ganeshpur,Construction of Primary Health Sub-Centre in Ganeshpur,Karnataka,Hubli,15.311616,75.012261,Healthcare Facility,3418838.53,3147115.23,2024-07-17,2025-03-15,Shree Balaji Infra Pvt Ltd,91.4,/static/demo_images/healthcare_facility_placeholder.jpg
MPL-00351,Check dam construction for irrigation in Anandpur,Check dam construction for irrigation in Anandpur,West Bengal,Asansol,23.770537,86.811646,Irrigation,1437014.6,1284652.46,2022-04-23,2022-11-07,Bharat Infra Ltd.,89.5,/static/demo_images/irrigation_placeholder.jpg
MPL-00027,Installation of high-mast lighting in Bhagwanpur,Installation of high-mast lighting in Bhagwanpur,Tamil Nadu,Salem,11.704571,78.075195,Electrification,653119.11,673409.76,2023-10-01,2024-01-02,Vishwakarma Engineering Works,85.7,/static/demo_images/electrification_placeholder.jpg
MPL-00548,Repair and widening of village road in Indranagar,Repair and widening of village road in Indranagar,Rajasthan,Kota,25.122135,75.810127,Road Construction,2651171.21,2753719.66,2023-01-18,2023-06-24,Apex Infra Ltd.,87.2,/static/demo_images/road_construction_placeholder.jpg
MPL-00557,Development of sports ground with boundary wall in Chandpur,Development of sports ground with boundary wall in Chandpur,Tamil Nadu,Chennai,13.180747,80.32619,Sports Infrastructure,991179.54,978382.17,2022-12-11,2023-04-16,Bharat Infra Ltd.,85.2,/static/demo_images/sports_infrastructure_placeholder.jpg
MPL-00500,Construction of community sanitation block in Rampur,Construction of community sanitation block in Rampur,Bihar,Muzaffarpur,26.250667,85.375246,Sanitation,894945.38,932848.59,2019-06-18,2019-09-23,United Construction Co.,98.8,/static/demo_images/sanitation_placeholder.jpg
MPL-00399,Construction of Community Hall in Lakshmipur,Construction of Community Hall in Lakshmipur,Rajasthan,Jodhpur,26.126412,72.944688,Community Hall,1277470.52,1275905.71,2023-06-15,2023-12-11,United Builders,86.4,/static/demo_images/community_hall_placeholder.jpg
MPL-00233,Overhead water tank construction in Narayanpur,Overhead water tank construction in Narayanpur,Rajasthan,Jodhpur,26.126966,73.134124,Drinking Water,679741.79,674493.48,2023-05-28,2023-10-09,Modern Infra Ltd.,87.1,/static/demo_images/drinking_water_placeholder.jpg
MPL-00653,Construction of Primary Health Sub-Centre in Saraswatipur,Construction of Primary Health Sub-Centre in Saraswatipur,West Bengal,Siliguri,26.814461,88.287942,Healthcare Facility,2974060.61,2556889.75,2021-06-02,2022-03-28,Sundar Engineering Works,97.3,/static/demo_images/healthcare_facility_placeholder.jpg
MPL-00167,Upgradation of health centre facilities in Sundarpur,Upgradation of health centre facilities in Sundarpur,Maharashtra,Aurangabad,20.012794,75.217009,Healthcare Facility,3810024.08,3738374.33,2022-01-15,2022-09-11,Progressive Engineering Works,95.4,/static/demo_images/healthcare_facility_placeholder.jpg
MPL-00083,Installation of irrigation pump sets in Narayanpur,Installation of irrigation pump sets in Narayanpur,West Bengal,Howrah,22.448619,88.35499,Irrigation,2852297.9,2811002.84,2022-11-16,2023-06-21,Ganga Infra Ltd.,94.6,/static/demo_images/irrigation_placeholder.jpg
MPL-00823,Drainage system construction in Saraswatipur,Drainage system construction in Saraswatipur,Karnataka,Hubli,15.475344,74.985222,Sanitation,532856.1,525649.11,2021-08-06,2021-12-02,Shree Balaji Infra Pvt Ltd,98.3,/static/demo_images/sanitation_placeholder.jpg
MPL-00595,Upgradation of health centre facilities in Balrampur,Upgradation of health centre facilities in Balrampur,West Bengal,Kolkata,22.515381,88.501445,Healthcare Facility,2407137.75,2437106.76,2023-12-18,2024-10-05,Apex Builders,85.1,/static/demo_images/healthcare_facility_placeholder.jpg
MPL-00366,Construction of link road connecting Saraswatipur,Construction of link road connecting Saraswatipur,Karnataka,Mysuru,12.289444,76.552611,Road Construction,1674741.77,1702664.74,2019-04-02,2019-11-12,Rajdhani Engineering Works,85.6,/static/demo_images/road_construction_placeholder.jpg
MPL-00438,Installation of high-mast lighting in Bhagwanpur,Installation of high-mast lighting in Bhagwanpur,Uttar Pradesh,Kanpur,26.461302,80.24304,Electrification,673959.53,607730.61,2024-06-01,2024-09-11,Bharat Infra Ltd.,95.4,/static/demo_images/electrification_placeholder.jpg
MPL-00816,"Construction of additional classrooms at Government School, Gopalpur","Construction of additional classrooms at Government School, Gopalpur",Karnataka,Hubli,15.296248,75.001581,School Infrastructure,1759608.5,1830370.46,2021-05-17,2021-09-29,Shree Balaji Infra Pvt Ltd,91.0,/static/demo_images/school_infrastructure_placeholder.jpg
MPL-00631,Check dam construction for irrigation in Gandhinagar,Check dam construction for irrigation in Gandhinagar,Karnataka,Hubli,15.220942,75.060403,Irrigation,1505182.47,1382915.71,2022-10-21,2023-05-11,Cityscape Engineering Works,87.0,/static/demo_images/irrigation_placeholder.jpg
MPL-00650,Check dam construction for irrigation in Ashoknagar,Check dam construction for irrigation in Ashoknagar,Kerala,Kozhikode,11.407754,75.837105,Irrigation,2940858.06,2930104.5,2023-09-04,2024-04-17,Sundar Construction Co.,87.2,/static/demo_images/irrigation_placeholder.jpg
MPL-00596,Construction of Primary Health Sub-Centre in Ramganj,Construction of Primary Health Sub-Centre in Ramganj,Rajasthan,Jaipur,27.043297,75.8643,Healthcare Facility,2243557.26,2292653.8,2020-10-18,2021-08-04,Cityscape Construction Co.,94.5,/static/demo_images/healthcare_facility_placeholder.jpg
MPL-00925,Upgradation of health centre facilities in Bhagwanpur,Upgradation of health centre facilities in Bhagwanpur,Rajasthan,Jodhpur,26.355308,72.892118,Healthcare Facility,2010583.27,2037429.53,2019-09-13,2020-04-10,SuperFast Construction Co.,88.5,/static/demo_images/healthcare_facility_placeholder.jpg
MPL-00552,Upgradation of health centre facilities in Balrampur,Upgradation of health centre facilities in Balrampur,Karnataka,Belagavi,15.71237,74.595574,Healthcare Facility,3586463.0,3266489.09,2024-03-13,2024-12-01,Rajdhani Construction Co.,85.4,/static/demo_images/healthcare_facility_placeholder.jpg
MPL-00961,Construction of open gymnasium in Tagorepur,Construction of open gymnasium in Tagorepur,Tamil Nadu,Coimbatore,10.95059,77.037702,Sports Infrastructure,915489.9,868487.45,2024-11-21,2025-04-22,SuperFast Construction Co.,93.7,/static/demo_images/sports_infrastructure_placeholder.jpg
MPL-00070,Upgradation of health centre facilities in Subhaspur,Upgradation of health centre facilities in Subhaspur,Bihar,Gaya,24.88957,85.015229,Healthcare Facility,2637064.77,2407385.48,2022-08-17,2023-04-29,United Infra Ltd.,99.6,/static/demo_images/healthcare_facility_placeholder.jpg
MPL-00090,Installation of irrigation pump sets in Vijaynagar,Installation of irrigation pump sets in Vijaynagar,Maharashtra,Nashik,20.072203,73.718448,Irrigation,1863948.45,1822400.77,2023-03-02,2023-08-22,United Builders,95.1,/static/demo_images/irrigation_placeholder.jpg
MPL-00441,Construction of village public library in Balrampur,Construction of village public library in Balrampur,Bihar,Gaya,24.701425,85.000395,Library,952187.64,985771.29,2024-12-08,2025-04-09,Ganga Engineering Works,90.0,/static/demo_images/library_placeholder.jpg
MPL-00034,Construction of Community Centre in Fatehpur,Construction of Community Centre in Fatehpur,West Bengal,Howrah,22.457277,88.292571,Community Hall,1418530.67,1428865.57,2023-11-23,2024-07-04,Highway Builders,86.7,/static/demo_images/community_hall_placeholder.jpg
MPL-00074,Construction of irrigation canal near Saraswatipur,Construction of irrigation canal near Saraswatipur,Rajasthan,Jodhpur,26.225936,72.917693,Irrigation,1502159.7,1456907.92,2020-07-13,2021-01-15,National Construction Co.,89.1,/static/demo_images/irrigation_placeholder.jpg
MPL-00898,Construction of Primary Health Sub-Centre in Devipur,Construction of Primary Health Sub-Centre in Devipur,Maharashtra,Pune,18.512353,73.81309,Healthcare Facility,3529272.72,3449542.67,2023-09-27,2024-09-19,Rapid Nation Builders,91.0,/static/demo_images/healthcare_facility_placeholder.jpg
MPL-00562,Construction of public toilet complex in Sundarpur,Construction of public toilet complex in Sundarpur,Bihar,Patna,25.476445,85.225517,Sanitation,779435.43,671758.8,2020-05-02,2020-08-14,Vishwakarma Construction Co.,85.6,/static/demo_images/sanitation_placeholder.jpg
MPL-00893,Building of village community hall at Narayanpur,Building of village community hall at Narayanpur,Bihar,Muzaffarpur,26.077154,85.339959,Community Hall,1783721.76,1853381.98,2024-10-31,2025-04-26,Rapid Nation Builders,95.5,/static/demo_images/community_hall_placeholder.jpg
MPL-00214,Installation of irrigation pump sets in Ramganj,Installation of irrigation pump sets in Ramganj,Tamil Nadu,Salem,11.535048,78.250336,Irrigation,2650586.69,2609755.81,2020-07-24,2021-03-27,Ganga Infra Ltd.,88.6,/static/demo_images/irrigation_placeholder.jpg
MPL-00667,Borewell and handpump installation for Nehrunagar,Borewell and handpump installation for Nehrunagar,Maharashtra,Thane,19.069584,72.830974,Drinking Water,618828.82,235311.7,2023-05-28,2023-09-18,Progressive Construction Co.,86.2,/static/demo_images/drinking_water_placeholder.jpg
MPL-00229,Construction of open gymnasium in Vijaynagar,Construction of open gymnasium in Vijaynagar,West Bengal,Durgapur,23.617183,87.174383,Sports Infrastructure,1450878.27,1391784.95,2021-10-10,2022-02-26,Ganga Infra Ltd.,98.1,/static/demo_images/sports_infrastructure_placeholder.jpg
MPL-00190,Construction of village playground in Tagorepur,Construction of village playground in Tagorepur,Maharashtra,Pune,18.385861,73.81985,Sports Infrastructure,1325466.39,1137130.22,2019-10-26,2020-03-17,Prime Construction Co.,97.1,/static/demo_images/sports_infrastructure_placeholder.jpg
MPL-00949,Construction of village public library in Rampur,Construction of village public library in Rampur,Maharashtra,Aurangabad,19.908911,75.43571,Library,999716.53,1005889.53,2022-11-10,2023-02-06,SuperFast Construction Co.,99.1,/static/demo_images/library_placeholder.jpg
MPL-00711,Construction of village playground in Ashoknagar,Construction of village playground in Ashoknagar,Karnataka,Bengaluru,13.009002,77.724898,Sports Infrastructure,1094570.31,1024053.78,2022-08-17,2025-02-14,Sundar Infra Ltd.,85.2,/static/demo_images/sports_infrastructure_placeholder.jpg
MPL-00164,Rural electrification work in Subhaspur,Rural electrification work in Subhaspur,Kerala,Kochi,9.938843,76.211426,Electrification,463909.45,478951.64,2022-11-03,2023-01-01,Progressive Builders,90.3,/static/demo_images/electrification_placeholder.jpg
MPL-00490,Construction of public toilet complex in Nehrunagar,Construction of public toilet complex in Nehrunagar,Kerala,Thrissur,10.513918,76.191637,Sanitation,994050.0,921427.63,2021-07-13,2021-10-19,Sundar Engineering Works,91.4,/static/demo_images/sanitation_placeholder.jpg
MPL-00902,Installation of drinking water supply system in Balrampur,Installation of drinking water supply system in Balrampur,Rajasthan,Ajmer,26.587148,74.616176,Drinking Water,1084685.16,1055443.9,2022-05-23,2022-09-23,Rapid Nation Builders,96.8,/static/demo_images/drinking_water_placeholder.jpg
MPL-00207,Borewell and handpump installation for Ramganj,Borewell and handpump installation for Ramganj,Maharashtra,Pune,18.478375,73.78763,Drinking Water,586005.6,520067.29,2023-07-30,2023-11-05,United Builders,85.4,/static/demo_images/drinking_water_placeholder.jpg
MPL-00414,Setting up of reading room and library in Ganeshpur,Setting up of reading room and library in Ganeshpur,Bihar,Patna,25.675339,85.062217,Library,989927.29,977245.26,2022-10-18,2023-02-24,Om Engineering Works,85.9,/static/demo_images/library_placeholder.jpg
MPL-00944,Construction of Primary Health Sub-Centre in Saraswatipur,Construction of Primary Health Sub-Centre in Saraswatipur,West Bengal,Durgapur,23.438626,87.214249,Healthcare Facility,3678097.96,3608933.65,2021-08-11,2022-03-27,SuperFast Construction Co.,86.7,/static/demo_images/healthcare_facility_placeholder.jpg
MPL-00149,Construction of school boundary wall in Vijaynagar,Construction of school boundary wall in Vijaynagar,Karnataka,Bengaluru,13.090078,77.69838,School Infrastructure,1531089.56,1495891.98,2022-05-25,2022-10-10,Progressive Construction Co.,86.4,/static/demo_images/school_infrastructure_placeholder.jpg
MPL-00895,Construction of irrigation canal near Subhaspur,Construction of irrigation canal near Subhaspur,Maharashtra,Aurangabad,19.883156,75.280235,Irrigation,2200467.61,1941959.68,2022-04-22,2022-10-28,Rapid Nation Builders,85.2,/static/demo_images/irrigation_placeholder.jpg
MPL-00249,Construction of link road connecting Mahadevpur,Construction of link road connecting Mahadevpur,Rajasthan,Udaipur,24.61805,73.655287,Road Construction,2951725.72,2946210.82,2019-02-16,2019-10-20,Sundar Construction Co.,92.4,/static/demo_images/road_construction_placeholder.jpg
MPL-00783,Installation of solar street lights in Chandpur,Installation of solar street lights in Chandpur,Bihar,Gaya,24.678959,85.050884,Electrification,769776.91,772927.4,2023-01-20,2023-04-28,Highway Engineering Works,94.1,/static/demo_images/electrification_placeholder.jpg
MPL-00209,Construction of school boundary wall in Fatehpur,Construction of school boundary wall in Fatehpur,Kerala,Kochi,9.832075,76.23152,School Infrastructure,1329912.11,1210520.92,2023-11-16,2024-04-05,Vishwakarma Engineering Works,91.3,/static/demo_images/school_infrastructure_placeholder.jpg
MPL-00150,Construction of village public library in Fatehpur,Construction of village public library in Fatehpur,Tamil Nadu,Chennai,12.98406,80.308044,Library,1351800.8,1240309.57,2019-06-18,2019-10-03,Shree Engineering Works,86.2,/static/demo_images/library_placeholder.jpg
MPL-00777,Construction of concrete road from Shivnagar to main highway,Construction of concrete road from Shivnagar to main highway,Maharashtra,Thane,19.106137,72.931336,Road Construction,1350027.7,1332325.51,2023-10-26,2024-07-18,Shree Builders,91.5,/static/demo_images/road_construction_placeholder.jpg
MPL-00904,Construction of irrigation canal near Sundarpur,Construction of irrigation canal near Sundarpur,Bihar,Muzaffarpur,25.988908,85.489568,Irrigation,2374771.89,2176945.53,2020-02-03,2020-08-08,Rapid Nation Builders,97.3,/static/demo_images/irrigation_placeholder.jpg
MPL-00369,Renovation of panchayat library building in Subhaspur,Renovation of panchayat library building in Subhaspur,Tamil Nadu,Coimbatore,10.946156,77.023056,Library,848404.15,798088.72,2023-04-28,2023-08-05,Bharat Construction Co.,86.6,/static/demo_images/library_placeholder.jpg
MPL-00463,Construction of dispensary building in Gopalpur,Construction of dispensary building in Gopalpur,Kerala,Thrissur,10.631939,76.142298,Healthcare Facility,2937856.72,2863378.61,2024-07-26,2025-05-06,Highway Infra Ltd.,95.9,/static/demo_images/healthcare_facility_placeholder.jpg
MPL-00727,Construction of village public library in Vijaynagar,Construction of village public library in Vijaynagar,Maharashtra,Nagpur,21.076506,79.001058,Library,1213461.23,1201086.11,2024-07-07,2028-02-24,Shree Construction Co.,86.5,/static/demo_images/library_placeholder.jpg
MPL-00153,Installation of solar street lights in Anandpur,Installation of solar street lights in Anandpur,Karnataka,Bengaluru,13.049799,77.599094,Electrification,423710.36,380639.17,2020-07-31,2020-11-08,United Construction Co.,85.8,/static/demo_images/electrification_placeholder.jpg
MPL-00445,Building of village community hall at Ramganj,Building of village community hall at Ramganj,Tamil Nadu,Madurai,9.986741,78.126942,Community Hall,1102878.74,1157071.07,2020-10-09,2021-04-21,Metro Construction Co.,86.0,/static/demo_images/community_hall_placeholder.jpg
MPL-00891,Borewell and handpump installation for Ganeshpur,Borewell and handpump installation for Ganeshpur,Bihar,Muzaffarpur,26.22938,85.43841,Drinking Water,593306.5,563383.94,2023-10-31,2024-02-29,Rapid Nation Builders,90.4,/static/demo_images/drinking_water_placeholder.jpg
MPL-00520,Development of sports ground with boundary wall in Mahadevpur,Development of sports ground with boundary wall in Mahadevpur,West Bengal,Durgapur,23.442176,87.214265,Sports Infrastructure,1420840.93,1377156.31,2024-08-09,2025-01-03,National Engineering Works,94.4,/static/demo_images/sports_infrastructure_placeholder.jpg
MPL-00917,Construction of public toilet complex in Gopalpur,Construction of public toilet complex in Gopalpur,Tamil Nadu,Coimbatore,10.885378,76.880945,Sanitation,446192.79,446186.98,2019-05-01,2019-07-26,Rapid Nation Builders,98.9,/static/demo_images/sanitation_placeholder.jpg
MPL-00380,Construction of Community Hall in Subhaspur,Construction of Community Hall in Subhaspur,Kerala,Kollam,8.851122,76.660606,Community Hall,2363468.85,2049998.58,2022-02-04,2022-07-31,Apex Engineering Works,90.3,/static/demo_images/community_hall_placeholder.jpg
MPL-00237,Overhead water tank construction in Shivnagar,Overhead water tank construction in Shivnagar,Uttar Pradesh,Agra,27.261867,77.995975,Drinking Water,579389.74,591864.19,2023-10-19,2024-02-15,Prime Builders,99.9,/static/demo_images/drinking_water_placeholder.jpg
MPL-00472,Construction of link road connecting Indranagar,Construction of link road connecting Indranagar,Maharashtra,Aurangabad,20.024016,75.254856,Road Construction,1400415.58,1298910.16,2024-11-09,2025-08-12,United Infra Ltd.,85.1,/static/demo_images/road_construction_placeholder.jpg
MPL-00708,Construction of concrete road from Subhaspur to main highway,Construction of concrete road from Subhaspur to main highway,Tamil Nadu,Chennai,13.135915,80.166749,Road Construction,2107791.38,1882962.73,2019-05-22,2023-08-19,Progressive Construction Co.,88.2,/static/demo_images/road_construction_placeholder.jpg
MPL-00521,Installation of solar street lights in Gopalpur,Installation of solar street lights in Gopalpur,West Bengal,Siliguri,26.744413,88.302871,Electrification,951962.11,995141.49,2024-09-09,2024-11-18,Rajdhani Construction Co.,92.0,/static/demo_images/electrification_placeholder.jpg
MPL-00528,Building of village community hall at Fatehpur,Building of village community hall at Fatehpur,Kerala,Kollam,8.999701,76.490042,Community Hall,2185460.65,2071472.88,2021-06-05,2021-12-23,Modern Construction Co.,97.6,/static/demo_images/community_hall_placeholder.jpg
MPL-00252,Renovation of panchayat library building in Subhaspur,Renovation of panchayat library building in Subhaspur,Maharashtra,Nagpur,21.0304,79.160434,Library,542311.66,554100.32,2019-02-20,2019-06-09,Rajdhani Engineering Works,85.7,/static/demo_images/library_placeholder.jpg
MPL-00724,Drainage system construction in Gopalpur,Drainage system construction in Gopalpur,Uttar Pradesh,Agra,27.100738,78.001418,Sanitation,1065027.98,982257.05,2019-04-26,2019-05-05,Bharat Infra Ltd.,88.9,/static/demo_images/sanitation_placeholder.jpg
MPL-00529,Borewell and handpump installation for Tagorepur,Borewell and handpump installation for Tagorepur,West Bengal,Durgapur,23.591254,87.235896,Drinking Water,741836.76,716535.23,2020-09-02,2021-01-18,Rapid Nation Builders,98.5,/static/demo_images/drinking_water_placeholder.jpg
MPL-00820,Borewell and handpump installation for Devipur,Borewell and handpump installation for Devipur,Karnataka,Hubli,15.240212,75.145037,Drinking Water,515899.63,540301.06,2024-06-04,2024-10-04,Shree Balaji Infra Pvt Ltd,85.7,/static/demo_images/drinking_water_placeholder.jpg
MPL-00837,Construction of Primary Health Sub-Centre in Lakshmipur,Construction of Primary Health Sub-Centre in Lakshmipur,Karnataka,Hubli,15.242432,75.244493,Healthcare Facility,2355047.87,2356543.82,2023-09-13,2024-05-27,Shree Balaji Infra Pvt Ltd,92.2,/static/demo_images/healthcare_facility_placeholder.jpg
MPL-00189,Construction of Community Hall in Mahadevpur,Construction of Community Hall in Mahadevpur,West Bengal,Siliguri,26.745816,88.535636,Community Hall,1735930.14,1522095.75,2019-11-20,2020-05-18,Cityscape Builders,97.7,/static/demo_images/community_hall_placeholder.jpg
MPL-00937,Construction of public toilet complex in Mahadevpur,Construction of public toilet complex in Mahadevpur,Karnataka,Belagavi,15.767035,74.461498,Sanitation,881947.99,843581.83,2022-11-25,2023-03-02,SuperFast Construction Co.,99.1,/static/demo_images/sanitation_placeholder.jpg
MPL-00819,Construction of village public library in Chandpur,Construction of village public library in Chandpur,Karnataka,Hubli,15.286559,75.022828,Library,635818.09,567392.61,2021-02-07,2021-07-03,Shree Balaji Infra Pvt Ltd,93.3,/static/demo_images/library_placeholder.jpg
MPL-00623,Construction of Community Centre in Lakshmipur,Construction of Community Centre in Lakshmipur,Rajasthan,Ajmer,26.313478,74.614775,Community Hall,1956567.83,1785934.12,2024-01-17,2024-07-07,Vishwakarma Builders,90.1,/static/demo_images/community_hall_placeholder.jpg
MPL-00776,Rural electrification work in Gandhinagar,Rural electrification work in Gandhinagar,Uttar Pradesh,Lucknow,26.734385,80.880068,Electrification,657340.56,648366.08,2020-06-05,2020-09-05,Apex Builders,96.3,/static/demo_images/electrification_placeholder.jpg
MPL-00146,Check dam construction for irrigation in Rampur,Check dam construction for irrigation in Rampur,West Bengal,Kolkata,22.588806,88.324573,Irrigation,2666957.28,2561157.45,2019-12-20,2020-06-02,National Construction Co.,89.6,/static/demo_images/irrigation_placeholder.jpg
MPL-00770,Borewell and handpump installation for Nehrunagar,Borewell and handpump installation for Nehrunagar,Kerala,Thrissur,10.672719,76.263398,Drinking Water,778626.96,679466.25,2021-10-20,2022-02-24,Modern Builders,97.8,/static/demo_images/drinking_water_placeholder.jpg
MPL-00634,Rural electrification work in Narayanpur,Rural electrification work in Narayanpur,Uttar Pradesh,Kanpur,26.502978,80.234314,Electrification,875677.0,832502.43,2019-09-18,2019-12-16,Metro Engineering Works,91.5,/static/demo_images/electrification_placeholder.jpg
MPL-00442,Construction of Community Centre in Rampur,Construction of Community Centre in Rampur,Rajasthan,Jaipur,26.967693,75.743913,Community Hall,1353489.32,1420079.48,2024-08-15,2025-02-13,Vishwakarma Engineering Works,97.2,/static/demo_images/community_hall_placeholder.jpg
MPL-00423,Construction of Primary Health Sub-Centre in Krishnapur,Construction of Primary Health Sub-Centre in Krishnapur,Uttar Pradesh,Meerut,29.122676,77.585536,Healthcare Facility,3312929.83,3168261.51,2021-10-15,2022-06-28,Shree Balaji Infra Pvt Ltd,94.4,/static/demo_images/healthcare_facility_placeholder.jpg
MPL-00710,Installation of high-mast lighting in Bhagwanpur,Installation of high-mast lighting in Bhagwanpur,Uttar Pradesh,Lucknow,26.897385,80.86237,Electrification,889371.63,897718.23,2020-11-18,2020-12-03,Sundar Builders,85.7,/static/demo_images/electrification_placeholder.jpg
MPL-00723,Setting up of reading room and library in Krishnapur,Setting up of reading room and library in Krishnapur,West Bengal,Siliguri,26.8426,88.543042,Library,652029.76,675780.54,2021-11-11,2021-11-27,Skyline Construction Co.,92.6,/static/demo_images/library_placeholder.jpg
MPL-00077,Overhead water tank construction in Chandpur,Overhead water tank construction in Chandpur,Rajasthan,Jodhpur,26.230793,73.148329,Drinking Water,784984.92,822415.2,2020-09-15,2021-01-19,Modern Engineering Works,99.5,/static/demo_images/drinking_water_placeholder.jpg
MPL-00317,Construction of school boundary wall in Vijaynagar,Construction of school boundary wall in Vijaynagar,Bihar,Muzaffarpur,26.095427,85.288712,School Infrastructure,2066649.77,2132929.97,2021-08-18,2022-01-05,Shree Construction Co.,85.2,/static/demo_images/school_infrastructure_placeholder.jpg
MPL-00115,Renovation of panchayat library building in Ganeshpur,Renovation of panchayat library building in Ganeshpur,Tamil Nadu,Coimbatore,10.889406,77.091188,Library,1105153.89,1041928.71,2022-08-16,2022-11-14,Metro Construction Co.,87.3,/static/demo_images/library_placeholder.jpg
MPL-00600,Installation of irrigation pump sets in Saraswatipur,Installation of irrigation pump sets in Saraswatipur,Karnataka,Bengaluru,12.861653,77.496644,Irrigation,2266738.79,2075235.83,2022-02-28,2022-09-30,Prime Builders,86.3,/static/demo_images/irrigation_placeholder.jpg
MPL-00416,Construction of Community Hall in Narayanpur,Construction of Community Hall in Narayanpur,Karnataka,Hubli,15.360291,75.10525,Community Hall,1342071.89,1327856.07,2021-02-16,2021-09-30,Shree Balaji Infra Pvt Ltd,87.8,/static/demo_images/community_hall_placeholder.jpg
MPL-00439,Drainage system construction in Fatehpur,Drainage system construction in Fatehpur,Uttar Pradesh,Kanpur,26.45794,80.258537,Sanitation,462077.03,411312.88,2024-03-19,2024-06-23,Shree Builders,86.0,/static/demo_images/sanitation_placeholder.jpg
MPL-00505,Repair and widening of village road in Ashoknagar,Repair and widening of village road in Ashoknagar,Rajasthan,Ajmer,26.576709,74.572815,Road Construction,2259363.48,2328676.91,2020-10-25,2021-05-26,National Builders,89.2,/static/demo_images/road_construction_placeholder.jpg
MPL-00856,Construction of village public library in Shivnagar,Construction of village public library in Shivnagar,Uttar Pradesh,Kanpur,26.437638,80.360668,Library,636368.99,576863.79,2021-01-09,2021-05-04,Rapid Nation Builders,86.4,/static/demo_images/library_placeholder.jpg
MPL-00266,Construction of community sanitation block in Lakshmipur,Construction of community sanitation block in Lakshmipur,Karnataka,Belagavi,15.764115,74.403845,Sanitation,615898.19,632333.29,2019-05-22,2019-09-01,Rajdhani Engineering Works,94.7,/static/demo_images/sanitation_placeholder.jpg
MPL-00695,Construction of school boundary wall in Devipur,Construction of school boundary wall in Devipur,Rajasthan,Jaipur,26.987141,75.779631,School Infrastructure,2008485.63,3666321.53,2024-03-04,2024-08-02,Metro Engineering Works,96.9,/static/demo_images/school_infrastructure_placeholder.jpg
MPL-00007,Renovation of primary school building in Subhaspur,Renovation of primary school building in Subhaspur,Kerala,Kochi,10.034056,76.3501,School Infrastructure,1492286.53,1278024.1,2021-05-14,2021-10-03,Shree Balaji Infra Pvt Ltd,98.1,/static/demo_images/school_infrastructure_placeholder.jpg
MPL-00468,Renovation of panchayat library building in Tagorepur,Renovation of panchayat library building in Tagorepur,West Bengal,Siliguri,26.671751,88.406066,Library,727436.22,718051.32,2022-12-19,2023-04-04,National Construction Co.,99.5,/static/demo_images/library_placeholder.jpg
MPL-00850,Building of village community hall at Vijaynagar,Building of village community hall at Vijaynagar,Karnataka,Hubli,15.46071,75.153984,Community Hall,1402634.91,1461310.1,2023-10-28,2024-04-26,Shree Balaji Infra Pvt Ltd,88.6,/static/demo_images/community_hall_placeholder.jpg
MPL-00679,Overhead water tank construction in Nehrunagar,Overhead water tank construction in Nehrunagar,Maharashtra,Nagpur,21.016063,79.175025,Drinking Water,634891.63,1201077.18,2023-09-21,2024-01-09,Modern Builders,95.9,/static/demo_images/drinking_water_placeholder.jpg
MPL-00938,Installation of high-mast lighting in Narayanpur,Installation of high-mast lighting in Narayanpur,Kerala,Thrissur,10.442563,76.072604,Electrification,795471.77,775033.0,2023-10-18,2024-01-13,SuperFast Construction Co.,96.7,/static/demo_images/electrification_placeholder.jpg
MPL-00250,Construction of open gymnasium in Indranagar,Construction of open gymnasium in Indranagar,Karnataka,Hubli,15.292474,75.085561,Sports Infrastructure,1484754.02,1521415.58,2020-04-28,2020-09-25,Shree Engineering Works,90.0,/static/demo_images/sports_infrastructure_placeholder.jpg
MPL-00868,Installation of solar street lights in Chandpur,Installation of solar street lights in Chandpur,Rajasthan,Udaipur,24.494537,73.803318,Electrification,659190.58,690865.97,2023-09-22,2023-12-16,Rapid Nation Builders,86.8,/static/demo_images/electrification_placeholder.jpg
MPL-00307,Development of sports ground with boundary wall in Ramganj,Development of sports ground with boundary wall in Ramganj,Karnataka,Belagavi,15.715919,74.603972,Sports Infrastructure,811101.79,721928.71,2024-02-18,2024-06-05,Bharat Infra Ltd.,89.7,/static/demo_images/sports_infrastructure_placeholder.jpg
MPL-00118,Construction of school boundary wall in Chandpur,Construction of school boundary wall in Chandpur,Kerala,Thiruvananthapuram,8.516789,76.831858,School Infrastructure,1191372.66,1037328.62,2022-11-07,2023-04-25,National Infra Ltd.,92.6,/static/demo_images/school_infrastructure_placeholder.jpg
MPL-00867,"Construction of additional classrooms at Government School, Indranagar","Construction of additional classrooms at Government School, Indranagar",Kerala,Thrissur,10.408476,76.147815,School Infrastructure,2174227.87,2232218.93,2023-09-24,2024-02-26,Rapid Nation Builders,95.2,/static/demo_images/school_infrastructure_placeholder.jpg
MPL-00546,Installation of solar street lights in Gandhinagar,Installation of solar street lights in Gandhinagar,Rajasthan,Kota,25.283292,75.984852,Electrification,443653.98,425993.0,2022-06-15,2022-08-22,Shree Engineering Works,91.0,/static/demo_images/electrification_placeholder.jpg
MPL-00467,Construction of irrigation canal near Saraswatipur,Construction of irrigation canal near Saraswatipur,Karnataka,Mysuru,12.339496,76.633849,Irrigation,2331680.93,2397927.87,2023-08-23,2024-02-12,Om Engineering Works,97.5,/static/demo_images/irrigation_placeholder.jpg
MPL-00625,Overhead water tank construction in Lakshmipur,Overhead water tank construction in Lakshmipur,Maharashtra,Nashik,19.990636,73.847342,Drinking Water,1175024.42,1225739.37,2023-01-17,2023-04-30,Apex Infra Ltd.,97.1,/static/demo_images/drinking_water_placeholder.jpg
MPL-00119,Overhead water tank construction in Devipur,Overhead water tank construction in Devipur,Tamil Nadu,Coimbatore,10.998127,76.937627,Drinking Water,898198.43,791985.78,2023-08-02,2023-11-19,Metro Engineering Works,95.2,/static/demo_images/drinking_water_placeholder.jpg
MPL-00013,Borewell and handpump installation for Shivnagar,Borewell and handpump installation for Shivnagar,Bihar,Gaya,24.909117,85.0997,Drinking Water,726011.3,625520.47,2019-12-17,2020-05-16,Modern Infra Ltd.,97.2,/static/demo_images/drinking_water_placeholder.jpg
MPL-00814,Installation of high-mast lighting in Mahadevpur,Installation of high-mast lighting in Mahadevpur,Karnataka,Hubli,15.423274,75.060031,Electrification,453532.4,465429.2,2019-05-12,2019-07-18,Shree Balaji Infra Pvt Ltd,94.1,/static/demo_images/electrification_placeholder.jpg
MPL-00456,Borewell and handpump installation for Lakshmipur,Borewell and handpump installation for Lakshmipur,Karnataka,Belagavi,15.869347,74.545559,Drinking Water,600071.79,614331.72,2021-01-02,2021-04-29,Om Infra Ltd.,91.3,/static/demo_images/drinking_water_placeholder.jpg
MPL-00132,Construction of Primary Health Sub-Centre in Gopalpur,Construction of Primary Health Sub-Centre in Gopalpur,Maharashtra,Aurangabad,19.910643,75.265469,Healthcare Facility,2541418.99,2497895.31,2019-12-17,2020-10-02,Highway Engineering Works,99.6,/static/demo_images/healthcare_facility_placeholder.jpg
MPL-00936,Construction of dispensary building in Narayanpur,Construction of dispensary building in Narayanpur,Uttar Pradesh,Varanasi,25.282853,83.072054,Healthcare Facility,1711233.24,1550066.72,2023-04-22,2024-01-09,SuperFast Construction Co.,92.4,/static/demo_images/healthcare_facility_placeholder.jpg
MPL-00181,Borewell and handpump installation for Ramganj,Borewell and handpump installation for Ramganj,Bihar,Patna,25.498094,85.028229,Drinking Water,993220.0,989105.98,2023-04-16,2023-08-30,Cityscape Builders,98.0,/static/demo_images/drinking_water_placeholder.jpg
MPL-00516,Construction of link road connecting Saraswatipur,Construction of link road connecting Saraswatipur,Maharashtra,Nagpur,21.235553,79.004372,Road Construction,3089797.77,2889709.55,2023-07-05,2024-01-18,Metro Builders,86.8,/static/demo_images/road_construction_placeholder.jpg
MPL-00507,Construction of village public library in Anandpur,Construction of village public library in Anandpur,Tamil Nadu,Madurai,9.968845,78.002329,Library,1026568.94,961125.9,2023-12-14,2024-03-27,Vishwakarma Builders,86.5,/static/demo_images/library_placeholder.jpg
MPL-00493,Repair and widening of village road in Devipur,Repair and widening of village road in Devipur,Kerala,Kollam,8.932399,76.663221,Road Construction,2791177.71,2754375.48,2019-08-05,2020-01-21,Metro Engineering Works,93.0,/static/demo_images/road_construction_placeholder.jpg
MPL-00635,Construction of school boundary wall in Shivnagar,Construction of school boundary wall in Shivnagar,Kerala,Kollam,8.810429,76.541447,School Infrastructure,1692583.59,1558951.06,2021-12-31,2022-07-13,Bharat Engineering Works,97.8,/static/demo_images/school_infrastructure_placeholder.jpg
MPL-00328,Construction of dispensary building in Indranagar,Construction of dispensary building in Indranagar,Kerala,Kollam,8.805255,76.665542,Healthcare Facility,3875887.82,3576159.58,2019-08-11,2020-04-12,Rajdhani Construction Co.,97.7,/static/demo_images/healthcare_facility_placeholder.jpg
MPL-00274,Construction of Primary Health Sub-Centre in Chandpur,Construction of Primary Health Sub-Centre in Chandpur,Karnataka,Mysuru,12.438558,76.709106,Healthcare Facility,2592170.96,2534762.66,2024-06-18,2024-12-04,Metro Construction Co.,87.6,/static/demo_images/healthcare_facility_placeholder.jpg
MPL-00418,Overhead water tank construction in Ashoknagar,Overhead water tank construction in Ashoknagar,Rajasthan,Ajmer,26.413613,74.54556,Drinking Water,494975.89,505551.47,2021-09-05,2022-01-07,Metro Builders,95.8,/static/demo_images/drinking_water_placeholder.jpg
MPL-00968,Construction of village playground in Subhaspur,Construction of village playground in Subhaspur,Rajasthan,Ajmer,26.511943,74.584343,Sports Infrastructure,1677202.98,1570994.98,2024-11-05,2025-02-25,SuperFast Construction Co.,89.8,/static/demo_images/sports_infrastructure_placeholder.jpg
MPL-00794,Upgradation of health centre facilities in Lakshmipur,Upgradation of health centre facilities in Lakshmipur,Tamil Nadu,Trichy,10.937713,78.714244,Healthcare Facility,2605462.22,2383613.9,2021-04-15,2021-11-24,Cityscape Builders,94.4,/static/demo_images/healthcare_facility_placeholder.jpg
MPL-00029,Development of sports ground with boundary wall in Sundarpur,Development of sports ground with boundary wall in Sundarpur,Maharashtra,Aurangabad,19.900953,75.237728,Sports Infrastructure,800190.07,729494.61,2019-06-13,2019-11-18,Skyline Builders,88.2,/static/demo_images/sports_infrastructure_placeholder.jpg
MPL-00698,Renovation of panchayat library building in Nehrunagar,Renovation of panchayat library building in Nehrunagar,Kerala,Thiruvananthapuram,8.634183,77.080652,Library,723784.16,671763.79,2024-12-29,2025-01-17,Apex Builders,87.8,/static/demo_images/library_placeholder.jpg
MPL-00510,Installation of irrigation pump sets in Shivnagar,Installation of irrigation pump sets in Shivnagar,Karnataka,Belagavi,15.860291,74.64518,Irrigation,1773535.45,1614920.4,2019-08-15,2020-03-03,National Engineering Works,90.5,/static/demo_images/irrigation_placeholder.jpg
MPL-00315,Repair and widening of village road in Balrampur,Repair and widening of village road in Balrampur,Karnataka,Belagavi,15.842019,74.393638,Road Construction,2849422.46,2781213.75,2024-11-01,2025-05-15,Vishwakarma Infra Ltd.,94.3,/static/demo_images/road_construction_placeholder.jpg
MPL-00122,Construction of link road connecting Ashoknagar,Construction of link road connecting Ashoknagar,Bihar,Muzaffarpur,26.099522,85.349148,Road Construction,2117714.87,1876406.73,2021-05-27,2022-01-20,Metro Engineering Works,99.2,/static/demo_images/road_construction_placeholder.jpg
MPL-00909,Setting up of reading room and library in Shivnagar,Setting up of reading room and library in Shivnagar,Rajasthan,Kota,25.107674,75.721297,Library,667517.57,666796.45,2021-03-31,2021-07-20,Rapid Nation Builders,92.1,/static/demo_images/library_placeholder.jpg
MPL-00606,Renovation of primary school building in Gandhinagar,Renovation of primary school building in Gandhinagar,Rajasthan,Jaipur,26.974936,75.858131,School Infrastructure,1541206.07,1339394.2,2019-08-29,2020-01-18,Om Infra Ltd.,90.0,/static/demo_images/school_infrastructure_placeholder.jpg
MPL-00433,Construction of community sanitation block in Ramganj,Construction of community sanitation block in Ramganj,Tamil Nadu,Trichy,10.684904,78.65555,Sanitation,753098.26,752392.61,2023-06-21,2023-09-17,Highway Construction Co.,91.5,/static/demo_images/sanitation_placeholder.jpg
MPL-00293,Upgradation of health centre facilities in Narayanpur,Upgradation of health centre facilities in Narayanpur,West Bengal,Siliguri,26.83457,88.450756,Healthcare Facility,3931241.61,3520786.5,2022-08-07,2023-03-16,Vishwakarma Infra Ltd.,95.9,/static/demo_images/healthcare_facility_placeholder.jpg
MPL-00718,Construction of irrigation canal near Krishnapur,Construction of irrigation canal near Krishnapur,Uttar Pradesh,Meerut,28.850132,77.854004,Irrigation,2922721.6,2557709.33,2020-12-12,2024-01-27,Progressive Infra Ltd.,97.5,/static/demo_images/irrigation_placeholder.jpg
MPL-00267,Construction of community sanitation block in Balrampur,Construction of community sanitation block in Balrampur,Bihar,Gaya,24.663794,84.934133,Sanitation,516065.21,459242.08,2019-03-21,2019-07-12,Apex Construction Co.,96.7,/static/demo_images/sanitation_placeholder.jpg
MPL-00704,Construction of link road connecting Anandpur,Construction of link road connecting Anandpur,Kerala,Thiruvananthapuram,8.657806,76.858509,Road Construction,3235187.1,2927052.53,2022-04-10,2025-05-06,National Construction Co.,95.5,/static/demo_images/road_construction_placeholder.jpg
MPL-00185,"Construction of additional classrooms at Government School, Bhagwanpur","Construction of additional classrooms at Government School, Bhagwanpur",Uttar Pradesh,Kanpur,26.330169,80.191973,School Infrastructure,2156012.81,2135869.73,2023-07-06,2024-01-07,Cityscape Construction Co.,88.5,/static/demo_images/school_infrastructure_placeholder.jpg
MPL-00876,Construction of open gymnasium in Devipur,Construction of open gymnasium in Devipur,Bihar,Muzaffarpur,26.115878,85.387631,Sports Infrastructure,968595.76,972982.33,2024-05-31,2024-10-03,Rapid Nation Builders,88.4,/static/demo_images/sports_infrastructure_placeholder.jpg
MPL-00586,Renovation of panchayat library building in Gopalpur,Renovation of panchayat library building in Gopalpur,Bihar,Darbhanga,26.222185,85.759764,Library,720583.22,679147.77,2021-09-11,2021-12-24,Bharat Engineering Works,96.2,/static/demo_images/library_placeholder.jpg
MPL-00664,Overhead water tank construction in Mahadevpur,Overhead water tank construction in Mahadevpur,Uttar Pradesh,Varanasi,25.254375,83.115525,Drinking Water,480434.35,156636.35,2024-05-29,2024-09-23,Vishwakarma Infra Ltd.,94.0,/static/demo_images/drinking_water_placeholder.jpg
MPL-00919,Construction of school boundary wall in Bhagwanpur,Construction of school boundary wall in Bhagwanpur,West Bengal,Asansol,23.572527,87.046551,School Infrastructure,2535609.99,2252785.93,2020-01-30,2020-05-31,Rapid Nation Builders,88.1,/static/demo_images/school_infrastructure_placeholder.jpg
MPL-00356,Construction of public toilet complex in Lakshmipur,Construction of public toilet complex in Lakshmipur,Karnataka,Bengaluru,12.915564,77.680298,Sanitation,918539.39,898485.57,2022-02-07,2022-04-28,Skyline Infra Ltd.,87.0,/static/demo_images/sanitation_placeholder.jpg
MPL-00568,Construction of Primary Health Sub-Centre in Gopalpur,Construction of Primary Health Sub-Centre in Gopalpur,Rajasthan,Jodhpur,26.345932,73.142726,Healthcare Facility,3506091.0,3638678.74,2023-02-14,2023-10-31,Sundar Infra Ltd.,85.2,/static/demo_images/healthcare_facility_placeholder.jpg
MPL-00843,Construction of Primary Health Sub-Centre in Indranagar,Construction of Primary Health Sub-Centre in Indranagar,Karnataka,Hubli,15.424495,75.168674,Healthcare Facility,2639993.71,2460678.37,2024-11-12,2025-06-13,Shree Balaji Infra Pvt Ltd,99.6,/static/demo_images/healthcare_facility_placeholder.jpg
MPL-00953,Construction of concrete road from Gandhinagar to main highway,Construction of concrete road from Gandhinagar to main highway,Karnataka,Bengaluru,12.955102,77.731883,Road Construction,2221836.79,1923972.94,2023-01-23,2023-08-09,SuperFast Construction Co.,94.8,/static/demo_images/road_construction_placeholder.jpg
MPL-00735,Drainage system construction in Ramganj,Drainage system construction in Ramganj,Maharashtra,Nagpur,21.054323,78.981148,Sanitation,784038.1,756109.51,2020-06-07,2020-06-26,Modern Engineering Works,97.0,/static/demo_images/sanitation_placeholder.jpg
MPL-00931,"Construction of additional classrooms at Government School, Sundarpur","Construction of additional classrooms at Government School, Sundarpur",Uttar Pradesh,Lucknow,26.713696,80.927767,School Infrastructure,1588672.76,1450180.49,2022-04-12,2022-08-02,SuperFast Construction Co.,86.9,/static/demo_images/school_infrastructure_placeholder.jpg
MPL-00914,Drainage system construction in Krishnapur,Drainage system construction in Krishnapur,West Bengal,Siliguri,26.722223,88.534067,Sanitation,844089.26,747926.31,2024-09-07,2024-12-23,Rapid Nation Builders,96.6,/static/demo_images/sanitation_placeholder.jpg
MPL-00610,Renovation of panchayat library building in Narayanpur,Renovation of panchayat library building in Narayanpur,West Bengal,Howrah,22.539703,88.381402,Library,823988.63,864292.4,2020-09-11,2020-12-06,Progressive Engineering Works,97.8,/static/demo_images/library_placeholder.jpg
MPL-00397,Building of village community hall at Lakshmipur,Building of village community hall at Lakshmipur,Rajasthan,Ajmer,26.542215,74.591116,Community Hall,1846910.11,1781026.24,2020-10-25,2021-04-29,Metro Engineering Works,88.4,/static/demo_images/community_hall_placeholder.jpg
MPL-00033,Construction of community sanitation block in Chandpur,Construction of community sanitation block in Chandpur,Tamil Nadu,Madurai,10.034506,78.259867,Sanitation,615387.49,602031.33,2022-09-18,2022-11-22,Shree Engineering Works,86.7,/static/demo_images/sanitation_placeholder.jpg
MPL-00347,Building of village community hall at Balrampur,Building of village community hall at Balrampur,Maharashtra,Nagpur,20.997999,78.957842,Community Hall,1905502.69,1914489.9,2020-03-01,2020-09-15,Prime Infra Ltd.,93.1,/static/demo_images/community_hall_placeholder.jpg
MPL-00434,Building of village community hall at Saraswatipur,Building of village community hall at Saraswatipur,Maharashtra,Thane,19.127733,72.946696,Community Hall,1756996.02,1690640.47,2024-11-17,2025-05-09,Rajdhani Engineering Works,88.6,/static/demo_images/community_hall_placeholder.jpg
MPL-00004,Development of sports ground with boundary wall in Shivnagar,Development of sports ground with boundary wall in Shivnagar,Rajasthan,Ajmer,26.32354,74.577853,Sports Infrastructure,1351503.78,1388116.49,2023-01-21,2023-06-04,Rapid Nation Builders,87.9,/static/demo_images/sports_infrastructure_placeholder.jpg
MPL-00104,Construction of link road connecting Fatehpur,Construction of link road connecting Fatehpur,Karnataka,Hubli,15.278522,75.171021,Road Construction,1813338.71,1580585.22,2023-02-14,2023-08-31,United Infra Ltd.,96.4,/static/demo_images/road_construction_placeholder.jpg
MPL-00918,Repair and widening of village road in Gandhinagar,Repair and widening of village road in Gandhinagar,Karnataka,Bengaluru,12.934889,77.741261,Road Construction,2582315.26,2298123.42,2021-10-31,2022-06-08,Rapid Nation Builders,92.4,/static/demo_images/road_construction_placeholder.jpg
MPL-00580,Rural electrification work in Sundarpur,Rural electrification work in Sundarpur,Bihar,Darbhanga,26.20153,85.868542,Electrification,668855.89,624868.27,2019-03-25,2019-05-28,Modern Construction Co.,93.8,/static/demo_images/electrification_placeholder.jpg
MPL-00188,Construction of community sanitation block in Indranagar,Construction of community sanitation block in Indranagar,Karnataka,Hubli,15.423593,75.096478,Sanitation,629921.95,558599.54,2024-04-23,2024-07-20,Rajdhani Infra Ltd.,97.7,/static/demo_images/sanitation_placeholder.jpg
MPL-00637,Construction of concrete road from Balrampur to main highway,Construction of concrete road from Balrampur to main highway,Kerala,Kollam,8.895392,76.514214,Road Construction,1579730.57,1407661.97,2023-12-14,2024-06-08,Highway Construction Co.,92.5,/static/demo_images/road_construction_placeholder.jpg
MPL-00294,Repair and widening of village road in Bhagwanpur,Repair and widening of village road in Bhagwanpur,Kerala,Thrissur,10.441017,76.311591,Road Construction,2950078.56,2955679.75,2023-03-12,2023-11-26,Om Engineering Works,92.7,/static/demo_images/road_construction_placeholder.jpg
MPL-00950,Renovation of panchayat library building in Sundarpur,Renovation of panchayat library building in Sundarpur,Karnataka,Belagavi,15.917578,74.462027,Library,1438038.77,1244894.34,2019-11-13,2020-02-29,SuperFast Construction Co.,99.4,/static/demo_images/library_placeholder.jpg
MPL-00461,Borewell and handpump installation for Krishnapur,Borewell and handpump installation for Krishnapur,Karnataka,Mangaluru,12.860947,74.975259,Drinking Water,1136211.79,1138130.17,2024-04-12,2024-08-13,Bharat Builders,86.8,/static/demo_images/drinking_water_placeholder.jpg
MPL-00313,Installation of drinking water supply system in Devipur,Installation of drinking water supply system in Devipur,Rajasthan,Jaipur,26.980551,75.676662,Drinking Water,1067261.3,1033043.37,2019-06-03,2019-10-09,Apex Construction Co.,98.1,/static/demo_images/drinking_water_placeholder.jpg
MPL-00972,Upgradation of health centre facilities in Devipur,Upgradation of health centre facilities in Devipur,Tamil Nadu,Coimbatore,11.067193,76.952867,Healthcare Facility,3075068.75,2981489.55,2024-05-24,2025-02-20,SuperFast Construction Co.,89.4,/static/demo_images/healthcare_facility_placeholder.jpg
MPL-00787,Construction of public toilet complex in Indranagar,Construction of public toilet complex in Indranagar,Bihar,Patna,25.681366,85.037681,Sanitation,611904.05,638520.28,2019-09-07,2019-12-06,Prime Construction Co.,96.1,/static/demo_images/sanitation_placeholder.jpg
MPL-00241,Construction of Community Hall in Anandpur,Construction of Community Hall in Anandpur,West Bengal,Siliguri,26.769573,88.448441,Community Hall,1002617.41,965177.91,2022-12-09,2023-05-25,Prime Engineering Works,94.4,/static/demo_images/community_hall_placeholder.jpg
MPL-00842,"Construction of additional classrooms at Government School, Vijaynagar","Construction of additional classrooms at Government School, Vijaynagar",Karnataka,Hubli,15.500413,75.265523,School Infrastructure,2118305.57,1806648.18,2023-01-30,2023-06-25,Shree Balaji Infra Pvt Ltd,85.2,/static/demo_images/school_infrastructure_placeholder.jpg
MPL-00253,Construction of public toilet complex in Ganeshpur,Construction of public toilet complex in Ganeshpur,Karnataka,Mangaluru,13.043448,74.963246,Sanitation,807005.35,833466.68,2022-08-11,2022-11-18,Rajdhani Engineering Works,91.2,/static/demo_images/sanitation_placeholder.jpg
MPL-00447,Construction of Community Hall in Bhagwanpur,Construction of Community Hall in Bhagwanpur,West Bengal,Durgapur,23.409864,87.169759,Community Hall,2378933.39,2315628.31,2021-08-09,2022-01-06,Rajdhani Builders,95.3,/static/demo_images/community_hall_placeholder.jpg
MPL-00333,Renovation of panchayat library building in Lakshmipur,Renovation of panchayat library building in Lakshmipur,Tamil Nadu,Coimbatore,11.111373,76.836866,Library,1131769.63,1099211.06,2023-09-11,2023-12-15,Rajdhani Engineering Works,89.1,/static/demo_images/library_placeholder.jpg
MPL-00009,Construction of community sanitation block in Fatehpur,Construction of community sanitation block in Fatehpur,Kerala,Kozhikode,11.217399,75.929598,Sanitation,516832.22,490320.36,2020-09-18,2020-12-28,Sundar Construction Co.,96.9,/static/demo_images/sanitation_placeholder.jpg
MPL-00585,Installation of irrigation pump sets in Subhaspur,Installation of irrigation pump sets in Subhaspur,Bihar,Bhagalpur,25.14668,86.839781,Irrigation,2476330.13,2532151.47,2024-03-29,2024-09-26,Vishwakarma Infra Ltd.,99.1,/static/demo_images/irrigation_placeholder.jpg
MPL-00246,Construction of irrigation canal near Krishnapur,Construction of irrigation canal near Krishnapur,Tamil Nadu,Coimbatore,11.043009,76.809938,Irrigation,1549911.58,1603408.11,2023-06-19,2024-02-01,Highway Construction Co.,89.3,/static/demo_images/irrigation_placeholder.jpg
MPL-00665,Construction of school boundary wall in Fatehpur,Construction of school boundary wall in Fatehpur,Karnataka,Hubli,15.299093,75.022425,School Infrastructure,2041360.72,596424.43,2020-07-26,2021-01-21,Progressive Engineering Works,100.0,/static/demo_images/school_infrastructure_placeholder.jpg
MPL-00526,Renovation of primary school building in Nehrunagar,Renovation of primary school building in Nehrunagar,Maharashtra,Aurangabad,19.779618,75.305346,School Infrastructure,1903932.35,1692274.07,2023-01-08,2023-06-01,Vishwakarma Infra Ltd.,88.0,/static/demo_images/school_infrastructure_placeholder.jpg
MPL-00927,Repair and widening of village road in Balrampur,Repair and widening of village road in Balrampur,Kerala,Kollam,9.02718,76.545253,Road Construction,1411830.15,1210107.88,2023-11-03,2024-04-15,SuperFast Construction Co.,92.2,/static/demo_images/road_construction_placeholder.jpg
MPL-00469,Borewell and handpump installation for Chandpur,Borewell and handpump installation for Chandpur,West Bengal,Durgapur,23.558353,87.414622,Drinking Water,936785.31,869255.51,2022-06-16,2022-09-14,Metro Construction Co.,95.6,/static/demo_images/drinking_water_placeholder.jpg
MPL-00039,Installation of solar street lights in Krishnapur,Installation of solar street lights in Krishnapur,Kerala,Kollam,8.945039,76.531492,Electrification,479477.96,409898.55,2019-10-26,2020-01-24,Cityscape Infra Ltd.,91.2,/static/demo_images/electrification_placeholder.jpg
MPL-00765,Construction of irrigation canal near Indranagar,Construction of irrigation canal near Indranagar,Karnataka,Hubli,15.297447,75.10233,Irrigation,2929186.32,3006158.14,2019-12-23,2020-07-20,Ganga Engineering Works,91.1,/static/demo_images/irrigation_placeholder.jpg
MPL-00832,Construction of irrigation canal near Subhaspur,Construction of irrigation canal near Subhaspur,Karnataka,Hubli,15.319381,75.114547,Irrigation,2156719.94,2186176.31,2020-03-22,2020-11-04,Shree Balaji Infra Pvt Ltd,86.3,/static/demo_images/irrigation_placeholder.jpg
MPL-00264,Installation of high-mast lighting in Subhaspur,Installation of high-mast lighting in Subhaspur,Rajasthan,Jaipur,27.043672,75.662512,Electrification,711671.25,735502.07,2019-11-04,2020-02-05,Shree Infra Ltd.,100.0,/static/demo_images/electrification_placeholder.jpg
MPL-00099,Borewell and handpump installation for Saraswatipur,Borewell and handpump installation for Saraswatipur,Uttar Pradesh,Kanpur,26.427782,80.214289,Drinking Water,1049921.05,985573.98,2020-08-30,2021-01-09,National Construction Co.,86.9,/static/demo_images/drinking_water_placeholder.jpg
MPL-00465,Setting up of reading room and library in Gopalpur,Setting up of reading room and library in Gopalpur,Tamil Nadu,Salem,11.527948,78.100895,Library,1265439.17,1129363.44,2021-11-08,2022-02-09,National Construction Co.,89.6,/static/demo_images/library_placeholder.jpg
MPL-00849,Upgradation of health centre facilities in Subhaspur,Upgradation of health centre facilities in Subhaspur,Karnataka,Hubli,15.306919,75.244802,Healthcare Facility,3773344.27,3715461.78,2019-05-14,2020-03-27,Shree Balaji Infra Pvt Ltd,85.2,/static/demo_images/healthcare_facility_placeholder.jpg
MPL-00744,Renovation of primary school building in Saraswatipur,Renovation of primary school building in Saraswatipur,Bihar,Patna,25.652741,85.103459,School Infrastructure,1618383.2,1639426.12,2020-10-14,2021-02-27,Skyline Construction Co.,93.2,/static/demo_images/school_infrastructure_placeholder.jpg
MPL-00078,Development of sports ground with boundary wall in Fatehpur,Development of sports ground with boundary wall in Fatehpur,Maharashtra,Thane,19.32921,73.090357,Sports Infrastructure,1144336.83,1093059.35,2024-02-15,2024-05-27,Shree Builders,95.8,/static/demo_images/sports_infrastructure_placeholder.jpg
MPL-00055,Setting up of reading room and library in Subhaspur,Setting up of reading room and library in Subhaspur,Kerala,Thiruvananthapuram,8.475019,76.934892,Library,832512.75,788814.14,2022-02-19,2022-06-01,Vishwakarma Engineering Works,93.3,/static/demo_images/library_placeholder.jpg
MPL-00345,Construction of school boundary wall in Ashoknagar,Construction of school boundary wall in Ashoknagar,Rajasthan,Kota,25.339382,75.787948,School Infrastructure,1151779.05,1183029.16,2020-04-09,2020-08-07,Apex Builders,88.8,/static/demo_images/school_infrastructure_placeholder.jpg
MPL-00049,"Construction of additional classrooms at Government School, Ashoknagar","Construction of additional classrooms at Government School, Ashoknagar",Karnataka,Hubli,15.44907,75.169526,School Infrastructure,2437619.77,2534935.27,2020-09-16,2021-02-14,Rajdhani Infra Ltd.,86.9,/static/demo_images/school_infrastructure_placeholder.jpg
MPL-00128,Repair and widening of village road in Devipur,Repair and widening of village road in Devipur,Rajasthan,Udaipur,24.700789,73.841642,Road Construction,2232773.19,2074895.57,2023-03-12,2023-10-17,Rajdhani Infra Ltd.,90.8,/static/demo_images/road_construction_placeholder.jpg
MPL-00036,Renovation of panchayat library building in Chandpur,Renovation of panchayat library building in Chandpur,Karnataka,Mysuru,12.400205,76.705326,Library,810290.04,738868.59,2023-07-31,2023-10-22,Metro Builders,91.0,/static/demo_images/library_placeholder.jpg
MPL-00828,Construction of Community Centre in Gandhinagar,Construction of Community Centre in Gandhinagar,Karnataka,Hubli,15.292083,75.115978,Community Hall,1284039.46,1316566.2,2020-07-29,2021-02-08,Shree Balaji Infra Pvt Ltd,99.1,/static/demo_images/community_hall_placeholder.jpg
MPL-00365,Installation of drinking water supply system in Indranagar,Installation of drinking water supply system in Indranagar,Kerala,Thrissur,10.50957,76.133397,Drinking Water,891633.02,807963.87,2020-04-29,2020-09-02,Rajdhani Builders,91.2,/static/demo_images/drinking_water_placeholder.jpg
MPL-00020,Check dam construction for irrigation in Bhagwanpur,Check dam construction for irrigation in Bhagwanpur,Bihar,Gaya,24.916233,84.899591,Irrigation,1144095.22,1061816.87,2024-02-07,2024-08-24,Ganga Construction Co.,91.3,/static/demo_images/irrigation_placeholder.jpg
MPL-00373,Renovation of primary school building in Krishnapur,Renovation of primary school building in Krishnapur,Bihar,Patna,25.623588,85.150719,School Infrastructure,1544048.96,1314130.64,2024-11-10,2025-04-08,United Engineering Works,92.8,/static/demo_images/school_infrastructure_placeholder.jpg
MPL-00311,Renovation of primary school building in Gandhinagar,Renovation of primary school building in Gandhinagar,West Bengal,Kolkata,22.516228,88.244712,School Infrastructure,1986005.66,1809694.07,2022-04-06,2022-09-09,Cityscape Infra Ltd.,95.9,/static/demo_images/school_infrastructure_placeholder.jpg
MPL-00273,Installation of drinking water supply system in Rampur,Installation of drinking water supply system in Rampur,Karnataka,Bengaluru,12.997583,77.719767,Drinking Water,1099493.2,1120709.22,2023-03-11,2023-08-07,Apex Infra Ltd.,93.8,/static/demo_images/drinking_water_placeholder.jpg
MPL-00657,Construction of village playground in Ashoknagar,Construction of village playground in Ashoknagar,West Bengal,Siliguri,26.770274,88.270846,Sports Infrastructure,1710685.16,2775410.27,2024-11-07,2025-03-19,Prime Construction Co.,96.3,/static/demo_images/sports_infrastructure_placeholder.jpg
MPL-00398,Upgradation of health centre facilities in Gandhinagar,Upgradation of health centre facilities in Gandhinagar,Karnataka,Bengaluru,13.003215,77.563237,Healthcare Facility,3719229.52,3742269.43,2023-01-27,2023-09-12,Highway Infra Ltd.,99.5,/static/demo_images/healthcare_facility_placeholder.jpg
MPL-00419,Drainage system construction in Bhagwanpur,Drainage system construction in Bhagwanpur,Bihar,Darbhanga,26.209167,85.97152,Sanitation,527892.06,478600.57,2020-01-30,2020-04-27,Highway Infra Ltd.,94.9,/static/demo_images/sanitation_placeholder.jpg
MPL-00211,Drainage system construction in Chandpur,Drainage system construction in Chandpur,Uttar Pradesh,Lucknow,26.810667,81.054859,Sanitation,728156.05,681643.8,2020-07-11,2020-10-28,Ganga Infra Ltd.,89.8,/static/demo_images/sanitation_placeholder.jpg
MPL-00129,Installation of solar street lights in Devipur,Installation of solar street lights in Devipur,Maharashtra,Pune,18.466005,73.736425,Electrification,788822.56,723396.1,2024-04-19,2024-07-20,Bharat Builders,96.4,/static/demo_images/electrification_placeholder.jpg
MPL-00410,Repair and widening of village road in Balrampur,Repair and widening of village road in Balrampur,Rajasthan,Jaipur,26.816881,75.90601,Road Construction,1870174.83,1732371.9,2019-02-21,2019-09-11,United Engineering Works,99.6,/static/demo_images/road_construction_placeholder.jpg
MPL-00947,Construction of school boundary wall in Chandpur,Construction of school boundary wall in Chandpur,West Bengal,Kolkata,22.534008,88.460708,School Infrastructure,1828745.41,1789203.19,2022-08-30,2023-02-04,SuperFast Construction Co.,94.1,/static/demo_images/school_infrastructure_placeholder.jpg
MPL-00612,Check dam construction for irrigation in Mahadevpur,Check dam construction for irrigation in Mahadevpur,Kerala,Kochi,9.814947,76.333229,Irrigation,1421302.04,1307485.4,2021-04-14,2021-11-03,Ganga Construction Co.,87.7,/static/demo_images/irrigation_placeholder.jpg
MPL-00488,Drainage system construction in Gopalpur,Drainage system construction in Gopalpur,Rajasthan,Jaipur,26.825765,75.689323,Sanitation,517348.21,497215.25,2023-01-15,2023-05-18,Reliable Builders,87.3,/static/demo_images/sanitation_placeholder.jpg
MPL-00197,Borewell and handpump installation for Rampur,Borewell and handpump installation for Rampur,Uttar Pradesh,Meerut,28.875747,77.74561,Drinking Water,534374.35,470359.47,2019-09-05,2020-01-06,Modern Builders,94.9,/static/demo_images/drinking_water_placeholder.jpg
MPL-00960,Construction of village playground in Krishnapur,Construction of village playground in Krishnapur,Kerala,Kozhikode,11.37748,75.808466,Sports Infrastructure,1066861.3,1045397.07,2023-04-03,2023-08-23,SuperFast Construction Co.,89.8,/static/demo_images/sports_infrastructure_placeholder.jpg
MPL-00864,Construction of open gymnasium in Narayanpur,Construction of open gymnasium in Narayanpur,Uttar Pradesh,Varanasi,25.290542,83.005065,Sports Infrastructure,1624977.3,1690099.27,2024-12-12,2025-05-08,Rapid Nation Builders,90.3,/static/demo_images/sports_infrastructure_placeholder.jpg
MPL-00967,Construction of dispensary building in Tagorepur,Construction of dispensary building in Tagorepur,Maharashtra,Thane,19.103239,72.934216,Healthcare Facility,1697667.7,1712376.38,2024-09-07,2025-04-30,SuperFast Construction Co.,90.0,/static/demo_images/healthcare_facility_placeholder.jpg
MPL-00114,Development of sports ground with boundary wall in Bhagwanpur,Development of sports ground with boundary wall in Bhagwanpur,Bihar,Muzaffarpur,26.07783,85.528067,Sports Infrastructure,1369987.27,1204955.82,2020-02-26,2020-08-07,Bharat Infra Ltd.,88.8,/static/demo_images/sports_infrastructure_placeholder.jpg
MPL-00556,Borewell and handpump installation for Ramganj,Borewell and handpump installation for Ramganj,Karnataka,Hubli,15.373584,75.254895,Drinking Water,891093.19,894023.54,2021-01-20,2021-05-24,United Construction Co.,94.0,/static/demo_images/drinking_water_placeholder.jpg
MPL-00421,Upgradation of health centre facilities in Sundarpur,Upgradation of health centre facilities in Sundarpur,Kerala,Kozhikode,11.175017,75.845754,Healthcare Facility,1532715.27,1585144.93,2019-11-24,2020-06-04,Cityscape Engineering Works,97.0,/static/demo_images/healthcare_facility_placeholder.jpg
MPL-00367,Construction of village public library in Lakshmipur,Construction of village public library in Lakshmipur,Kerala,Thiruvananthapuram,8.562962,76.798357,Library,1055042.37,908583.92,2023-07-19,2023-11-05,Shree Balaji Infra Pvt Ltd,94.6,/static/demo_images/library_placeholder.jpg
MPL-00912,Building of village community hall at Mahadevpur,Building of village community hall at Mahadevpur,Karnataka,Hubli,15.352205,74.976736,Community Hall,1137471.79,1080743.43,2024-08-23,2025-01-04,Rapid Nation Builders,88.2,/static/demo_images/community_hall_placeholder.jpg
MPL-00405,Construction of village public library in Devipur,Construction of village public library in Devipur,West Bengal,Asansol,23.688364,86.858971,Library,1333945.86,1250469.23,2023-05-16,2023-09-03,Apex Construction Co.,88.3,/static/demo_images/library_placeholder.jpg
MPL-00218,Development of sports ground with boundary wall in Ganeshpur,Development of sports ground with boundary wall in Ganeshpur,Kerala,Kozhikode,11.408111,75.775231,Sports Infrastructure,984975.44,1018572.47,2019-12-18,2020-04-13,United Infra Ltd.,97.5,/static/demo_images/sports_infrastructure_placeholder.jpg
MPL-00709,Construction of link road connecting Anandpur,Construction of link road connecting Anandpur,Bihar,Muzaffarpur,26.064997,85.256325,Road Construction,1330264.61,1336226.77,2023-03-15,2023-03-20,Rajdhani Infra Ltd.,88.0,/static/demo_images/road_construction_placeholder.jpg
MPL-00168,Construction of link road connecting Nehrunagar,Construction of link road connecting Nehrunagar,Maharashtra,Thane,19.244349,72.900837,Road Construction,2793634.72,2671296.7,2021-08-11,2022-02-15,Om Infra Ltd.,86.5,/static/demo_images/road_construction_placeholder.jpg
MPL-00368,Repair and widening of village road in Bhagwanpur,Repair and widening of village road in Bhagwanpur,West Bengal,Asansol,23.705858,86.943824,Road Construction,2379670.48,2127122.63,2023-08-10,2024-03-26,Bharat Infra Ltd.,96.9,/static/demo_images/road_construction_placeholder.jpg
MPL-00670,Renovation of primary school building in Saraswatipur,Renovation of primary school building in Saraswatipur,Tamil Nadu,Trichy,10.651539,78.702551,School Infrastructure,2347285.86,4068165.23,2019-01-30,2019-08-17,Prime Builders,99.8,/static/demo_images/school_infrastructure_placeholder.jpg
MPL-00678,Setting up of reading room and library in Rampur,Setting up of reading room and library in Rampur,Kerala,Thrissur,10.492776,76.302949,Library,1331944.35,2438760.24,2022-10-23,2023-02-11,Shree Engineering Works,91.8,/static/demo_images/library_placeholder.jpg
MPL-00066,Construction of Community Hall in Narayanpur,Construction of Community Hall in Narayanpur,Tamil Nadu,Trichy,10.661923,78.604477,Community Hall,1361417.72,1361133.92,2022-03-28,2022-08-28,Cityscape Construction Co.,86.9,/static/demo_images/community_hall_placeholder.jpg
MPL-00890,Installation of solar street lights in Mahadevpur,Installation of solar street lights in Mahadevpur,West Bengal,Howrah,22.694125,88.20394,Electrification,560243.32,534229.1,2024-06-06,2024-09-04,Rapid Nation Builders,86.7,/static/demo_images/electrification_placeholder.jpg
MPL-00050,Setting up of reading room and library in Bhagwanpur,Setting up of reading room and library in Bhagwanpur,Maharashtra,Nashik,20.057339,73.869869,Library,691010.23,671281.54,2020-04-14,2020-08-05,Sundar Construction Co.,99.5,/static/demo_images/library_placeholder.jpg
MPL-00336,Construction of link road connecting Vijaynagar,Construction of link road connecting Vijaynagar,Karnataka,Bengaluru,12.965711,77.615791,Road Construction,2787745.92,2602348.51,2024-12-26,2025-05-20,Ganga Construction Co.,98.2,/static/demo_images/road_construction_placeholder.jpg
MPL-00479,Construction of Community Centre in Nehrunagar,Construction of Community Centre in Nehrunagar,Tamil Nadu,Trichy,10.914358,78.672323,Community Hall,1949421.93,1916352.18,2024-01-31,2024-08-11,Modern Infra Ltd.,85.5,/static/demo_images/community_hall_placeholder.jpg
MPL-00682,Installation of irrigation pump sets in Gandhinagar,Installation of irrigation pump sets in Gandhinagar,Tamil Nadu,Madurai,10.069777,78.149729,Irrigation,1769176.33,3795170.74,2022-10-06,2023-03-30,Ganga Infra Ltd.,91.3,/static/demo_images/irrigation_placeholder.jpg
MPL-00880,Development of sports ground with boundary wall in Bhagwanpur,Development of sports ground with boundary wall in Bhagwanpur,Kerala,Kollam,8.799586,76.547452,Sports Infrastructure,840615.96,766162.06,2020-02-23,2020-08-02,Rapid Nation Builders,87.2,/static/demo_images/sports_infrastructure_placeholder.jpg
MPL-00109,Installation of solar street lights in Gopalpur,Installation of solar street lights in Gopalpur,Maharashtra,Nashik,19.932474,73.843346,Electrification,651979.65,641174.07,2019-08-13,2019-11-23,Shree Construction Co.,88.1,/static/demo_images/electrification_placeholder.jpg
MPL-00202,Construction of school boundary wall in Gandhinagar,Construction of school boundary wall in Gandhinagar,Tamil Nadu,Trichy,10.78315,78.568669,School Infrastructure,1213826.51,1256452.41,2019-05-15,2019-09-26,Sundar Infra Ltd.,98.9,/static/demo_images/school_infrastructure_placeholder.jpg
MPL-00756,Repair and widening of village road in Indranagar,Repair and widening of village road in Indranagar,Maharashtra,Pune,18.482475,73.87263,Road Construction,2008459.31,2073044.6,2022-12-13,2023-07-11,Om Builders,92.7,/static/demo_images/road_construction_placeholder.jpg
MPL-00966,Construction of dispensary building in Shivnagar,Construction of dispensary building in Shivnagar,Rajasthan,Ajmer,26.511797,74.743323,Healthcare Facility,2611012.66,2445091.13,2021-12-13,2022-07-24,SuperFast Construction Co.,86.3,/static/demo_images/healthcare_facility_placeholder.jpg
MPL-00177,Installation of irrigation pump sets in Balrampur,Installation of irrigation pump sets in Balrampur,Kerala,Kochi,10.028881,76.345858,Irrigation,2432649.65,2357633.77,2024-12-03,2025-06-29,Skyline Infra Ltd.,86.2,/static/demo_images/irrigation_placeholder.jpg
MPL-00394,Construction of dispensary building in Narayanpur,Construction of dispensary building in Narayanpur,Bihar,Gaya,24.903051,84.864513,Healthcare Facility,1747437.0,1542407.38,2021-06-01,2022-03-05,Vishwakarma Construction Co.,92.1,/static/demo_images/healthcare_facility_placeholder.jpg
MPL-00245,Installation of irrigation pump sets in Ashoknagar,Installation of irrigation pump sets in Ashoknagar,West Bengal,Kolkata,22.443904,88.480517,Irrigation,1162927.32,1072474.42,2023-09-20,2024-03-25,Skyline Infra Ltd.,93.2,/static/demo_images/irrigation_placeholder.jpg
MPL-00627,Construction of school boundary wall in Gopalpur,Construction of school boundary wall in Gopalpur,Maharashtra,Aurangabad,19.983657,75.354875,School Infrastructure,1234968.38,1239839.38,2020-04-22,2020-10-03,Sundar Builders,98.5,/static/demo_images/school_infrastructure_placeholder.jpg
MPL-00334,Construction of Primary Health Sub-Centre in Mahadevpur,Construction of Primary Health Sub-Centre in Mahadevpur,Karnataka,Mysuru,12.187254,76.670157,Healthcare Facility,3716092.14,3539425.12,2022-07-09,2023-05-11,Progressive Infra Ltd.,94.5,/static/demo_images/healthcare_facility_placeholder.jpg
MPL-00878,Construction of school boundary wall in Rampur,Construction of school boundary wall in Rampur,Uttar Pradesh,Agra,27.091541,78.103653,School Infrastructure,1418251.37,1235164.97,2021-05-04,2021-09-03,Rapid Nation Builders,97.2,/static/demo_images/school_infrastructure_placeholder.jpg
MPL-00126,Check dam construction for irrigation in Mahadevpur,Check dam construction for irrigation in Mahadevpur,Kerala,Thiruvananthapuram,8.607537,76.937472,Irrigation,1935455.57,1707868.51,2021-03-28,2021-12-03,Bharat Builders,98.1,/static/demo_images/irrigation_placeholder.jpg
MPL-00305,Construction of open gymnasium in Lakshmipur,Construction of open gymnasium in Lakshmipur,West Bengal,Howrah,22.715677,88.30993,Sports Infrastructure,904478.86,809206.11,2022-09-19,2023-02-10,Skyline Engineering Works,88.9,/static/demo_images/sports_infrastructure_placeholder.jpg
MPL-00224,Renovation of panchayat library building in Lakshmipur,Renovation of panchayat library building in Lakshmipur,Rajasthan,Ajmer,26.511697,74.579133,Library,1093036.06,947608.04,2020-07-02,2020-10-07,Metro Construction Co.,86.8,/static/demo_images/library_placeholder.jpg
MPL-00655,Construction of village public library in Ganeshpur,Construction of village public library in Ganeshpur,Bihar,Patna,25.595529,85.125881,Library,944936.45,888065.4,2023-08-05,2023-12-02,Apex Builders,88.5,/static/demo_images/library_placeholder.jpg
MPL-00633,Construction of irrigation canal near Ganeshpur,Construction of irrigation canal near Ganeshpur,Maharashtra,Pune,18.430245,73.888425,Irrigation,1331717.08,1242754.21,2021-05-07,2021-12-18,Progressive Engineering Works,85.7,/static/demo_images/irrigation_placeholder.jpg
MPL-00095,Borewell and handpump installation for Sundarpur,Borewell and handpump installation for Sundarpur,Kerala,Thrissur,10.450671,76.102177,Drinking Water,931662.38,804697.32,2021-06-03,2021-10-02,Rajdhani Builders,89.9,/static/demo_images/drinking_water_placeholder.jpg
MPL-00808,Development of sports ground with boundary wall in Devipur,Development of sports ground with boundary wall in Devipur,Karnataka,Hubli,15.239785,75.188476,Sports Infrastructure,1239640.54,1246233.58,2021-06-17,2021-11-05,Shree Balaji Infra Pvt Ltd,95.5,/static/demo_images/sports_infrastructure_placeholder.jpg
MPL-00454,Development of sports ground with boundary wall in Ganeshpur,Development of sports ground with boundary wall in Ganeshpur,Kerala,Kozhikode,11.232868,75.765666,Sports Infrastructure,856766.44,829403.97,2021-04-07,2021-08-21,Cityscape Infra Ltd.,86.4,/static/demo_images/sports_infrastructure_placeholder.jpg
MPL-00773,Construction of public toilet complex in Saraswatipur,Construction of public toilet complex in Saraswatipur,Maharashtra,Nagpur,21.021223,79.092496,Sanitation,527597.47,461525.66,2021-10-21,2022-01-20,Rajdhani Construction Co.,92.1,/static/demo_images/sanitation_placeholder.jpg
MPL-00728,Construction of community sanitation block in Ashoknagar,Construction of community sanitation block in Ashoknagar,Bihar,Muzaffarpur,26.192413,85.29179,Sanitation,682255.97,675985.66,2021-03-22,2024-12-12,Modern Infra Ltd.,87.7,/static/demo_images/sanitation_placeholder.jpg
MPL-00916,Check dam construction for irrigation in Subhaspur,Check dam construction for irrigation in Subhaspur,Maharashtra,Nagpur,21.092898,79.00766,Irrigation,2606312.31,2693502.98,2021-08-27,2022-03-20,Rapid Nation Builders,86.6,/static/demo_images/irrigation_placeholder.jpg
MPL-00877,Construction of Primary Health Sub-Centre in Gandhinagar,Construction of Primary Health Sub-Centre in Gandhinagar,West Bengal,Howrah,22.551703,88.364263,Healthcare Facility,2105940.64,2062614.82,2019-11-04,2020-08-04,Rapid Nation Builders,99.6,/static/demo_images/healthcare_facility_placeholder.jpg
MPL-00619,Construction of dispensary building in Fatehpur,Construction of dispensary building in Fatehpur,Bihar,Patna,25.571021,85.214547,Healthcare Facility,3527485.9,3431445.01,2019-06-15,2020-01-06,Highway Builders,90.1,/static/demo_images/healthcare_facility_placeholder.jpg
MPL-00969,Overhead water tank construction in Ashoknagar,Overhead water tank construction in Ashoknagar,Kerala,Kochi,9.783591,76.158362,Drinking Water,780967.25,811137.95,2020-09-12,2021-01-03,SuperFast Construction Co.,92.3,/static/demo_images/drinking_water_placeholder.jpg
MPL-00875,Construction of village public library in Mahadevpur,Construction of village public library in Mahadevpur,Maharashtra,Thane,19.106187,73.086668,Library,1217731.34,1251291.63,2024-01-05,2024-05-10,Rapid Nation Builders,95.0,/static/demo_images/library_placeholder.jpg
MPL-00737,Construction of public toilet complex in Narayanpur,Construction of public toilet complex in Narayanpur,Karnataka,Bengaluru,13.037352,77.64438,Sanitation,1086052.72,1068806.48,2024-07-08,2024-09-28,National Engineering Works,96.9,/static/demo_images/sanitation_placeholder.jpg
MPL-00924,Overhead water tank construction in Balrampur,Overhead water tank construction in Balrampur,Kerala,Kollam,9.010743,76.638932,Drinking Water,1229541.51,1287313.71,2019-05-03,2019-08-14,SuperFast Construction Co.,85.5,/static/demo_images/drinking_water_placeholder.jpg
MPL-00400,Construction of village playground in Sundarpur,Construction of village playground in Sundarpur,Bihar,Patna,25.67538,85.144795,Sports Infrastructure,1755615.1,1528764.49,2020-09-28,2021-01-22,National Infra Ltd.,94.8,/static/demo_images/sports_infrastructure_placeholder.jpg
MPL-00073,Construction of village playground in Gopalpur,Construction of village playground in Gopalpur,Uttar Pradesh,Lucknow,26.76411,81.048622,Sports Infrastructure,784807.23,815738.17,2022-04-10,2022-08-11,Highway Builders,95.6,/static/demo_images/sports_infrastructure_placeholder.jpg
MPL-00444,Construction of Community Centre in Gopalpur,Construction of Community Centre in Gopalpur,Kerala,Thiruvananthapuram,8.647021,76.885385,Community Hall,1713350.63,1527197.58,2020-07-21,2021-02-19,SuperFast Construction Co.,93.1,/static/demo_images/community_hall_placeholder.jpg
MPL-00948,Installation of high-mast lighting in Gopalpur,Installation of high-mast lighting in Gopalpur,Karnataka,Mangaluru,12.876515,74.988744,Electrification,536437.82,459314.95,2023-02-17,2023-05-12,SuperFast Construction Co.,85.7,/static/demo_images/electrification_placeholder.jpg
MPL-00457,Installation of irrigation pump sets in Ramganj,Installation of irrigation pump sets in Ramganj,West Bengal,Siliguri,26.631309,88.514863,Irrigation,2964824.37,2522195.6,2024-07-31,2025-02-16,Modern Engineering Works,93.2,/static/demo_images/irrigation_placeholder.jpg
MPL-00593,Construction of Community Centre in Bhagwanpur,Construction of Community Centre in Bhagwanpur,Maharashtra,Nagpur,21.127643,79.014492,Community Hall,1784221.42,1691569.86,2022-07-20,2022-11-30,Progressive Builders,91.4,/static/demo_images/community_hall_placeholder.jpg
MPL-00906,Building of village community hall at Devipur,Building of village community hall at Devipur,Bihar,Gaya,24.8374,84.896633,Community Hall,1842359.19,1830988.9,2019-01-27,2019-06-14,Rapid Nation Builders,97.1,/static/demo_images/community_hall_placeholder.jpg
MPL-00769,Installation of drinking water supply system in Nehrunagar,Installation of drinking water supply system in Nehrunagar,Kerala,Thrissur,10.666994,76.266757,Drinking Water,1185544.45,1131843.18,2020-06-30,2020-10-29,Highway Builders,90.3,/static/demo_images/drinking_water_placeholder.jpg
MPL-00541,Installation of irrigation pump sets in Fatehpur,Installation of irrigation pump sets in Fatehpur,Karnataka,Bengaluru,13.030659,77.697172,Irrigation,1985986.98,1808869.65,2020-12-04,2021-07-27,Vishwakarma Builders,88.4,/static/demo_images/irrigation_placeholder.jpg
MPL-00543,Construction of Community Hall in Devipur,Construction of Community Hall in Devipur,Maharashtra,Aurangabad,19.738545,75.288288,Community Hall,1089710.27,983007.41,2019-05-23,2019-12-02,Metro Construction Co.,99.7,/static/demo_images/community_hall_placeholder.jpg
MPL-00269,Upgradation of health centre facilities in Sundarpur,Upgradation of health centre facilities in Sundarpur,Uttar Pradesh,Kanpur,26.45873,80.411953,Healthcare Facility,3999014.37,4178154.11,2021-12-27,2022-10-05,Progressive Construction Co.,97.2,/static/demo_images/healthcare_facility_placeholder.jpg
MPL-00306,Check dam construction for irrigation in Shivnagar,Check dam construction for irrigation in Shivnagar,West Bengal,Asansol,23.540003,86.992719,Irrigation,2242594.91,2184581.09,2024-04-18,2024-10-12,Prime Construction Co.,92.5,/static/demo_images/irrigation_placeholder.jpg
MPL-00415,Construction of village playground in Shivnagar,Construction of village playground in Shivnagar,Maharashtra,Aurangabad,19.872553,75.288322,Sports Infrastructure,1274185.49,1247337.38,2021-03-01,2021-06-15,Shree Infra Ltd.,95.3,/static/demo_images/sports_infrastructure_placeholder.jpg
MPL-00810,Construction of Community Centre in Ramganj,Construction of Community Centre in Ramganj,Karnataka,Hubli,15.257942,75.229994,Community Hall,2357729.4,2434569.64,2021-09-20,2022-03-28,Shree Balaji Infra Pvt Ltd,88.2,/static/demo_images/community_hall_placeholder.jpg
MPL-00388,Borewell and handpump installation for Saraswatipur,Borewell and handpump installation for Saraswatipur,Bihar,Darbhanga,26.1904,85.889502,Drinking Water,1268289.06,1305576.7,2022-01-30,2022-05-21,Modern Infra Ltd.,87.7,/static/demo_images/drinking_water_placeholder.jpg
MPL-00452,Borewell and handpump installation for Balrampur,Borewell and handpump installation for Balrampur,Rajasthan,Jaipur,26.917238,75.826495,Drinking Water,519436.36,471770.74,2023-06-19,2023-10-14,Ganga Infra Ltd.,96.6,/static/demo_images/drinking_water_placeholder.jpg
MPL-00518,Development of sports ground with boundary wall in Lakshmipur,Development of sports ground with boundary wall in Lakshmipur,Karnataka,Mangaluru,12.837193,74.880596,Sports Infrastructure,806707.96,813331.4,2023-03-21,2023-08-06,Sundar Construction Co.,85.2,/static/demo_images/sports_infrastructure_placeholder.jpg
MPL-00522,Construction of Primary Health Sub-Centre in Sundarpur,Construction of Primary Health Sub-Centre in Sundarpur,Tamil Nadu,Salem,11.548104,78.040765,Healthcare Facility,3609454.24,3726028.33,2024-07-30,2025-02-06,Sundar Infra Ltd.,87.4,/static/demo_images/healthcare_facility_placeholder.jpg
MPL-00755,Construction of concrete road from Indranagar to main highway,Construction of concrete road from Indranagar to main highway,Maharashtra,Pune,18.479468,73.870028,Road Construction,2250712.92,2338593.57,2024-10-28,2025-06-21,Ganga Builders,94.9,/static/demo_images/road_construction_placeholder.jpg
MPL-00296,Overhead water tank construction in Vijaynagar,Overhead water tank construction in Vijaynagar,Rajasthan,Ajmer,26.359633,74.600406,Drinking Water,851374.77,791257.88,2020-05-22,2020-09-21,Shree Engineering Works,88.6,/static/demo_images/drinking_water_placeholder.jpg
MPL-00390,Installation of irrigation pump sets in Shivnagar,Installation of irrigation pump sets in Shivnagar,Tamil Nadu,Coimbatore,11.022262,76.900495,Irrigation,1155995.35,1138448.05,2023-04-04,2023-10-18,SuperFast Construction Co.,86.5,/static/demo_images/irrigation_placeholder.jpg
MPL-00757,Installation of drinking water supply system in Bhagwanpur,Installation of drinking water supply system in Bhagwanpur,West Bengal,Kolkata,22.512513,88.463688,Drinking Water,1245938.34,1209094.54,2020-06-10,2020-10-11,Reliable Infra Ltd.,86.1,/static/demo_images/drinking_water_placeholder.jpg
MPL-00425,Construction of Community Centre in Balrampur,Construction of Community Centre in Balrampur,Tamil Nadu,Chennai,13.084108,80.31796,Community Hall,1700850.72,1649796.53,2022-08-22,2023-04-12,Skyline Engineering Works,91.2,/static/demo_images/community_hall_placeholder.jpg
MPL-00056,"Construction of additional classrooms at Government School, Krishnapur","Construction of additional classrooms at Government School, Krishnapur",Bihar,Muzaffarpur,26.188522,85.387173,School Infrastructure,2444696.38,2415657.95,2024-07-03,2024-12-13,Cityscape Builders,96.9,/static/demo_images/school_infrastructure_placeholder.jpg
MPL-00928,Installation of drinking water supply system in Sundarpur,Installation of drinking water supply system in Sundarpur,Tamil Nadu,Trichy,10.872584,78.798109,Drinking Water,907348.69,927363.8,2019-03-16,2019-07-12,SuperFast Construction Co.,93.3,/static/demo_images/drinking_water_placeholder.jpg
MPL-00120,Rural electrification work in Krishnapur,Rural electrification work in Krishnapur,Uttar Pradesh,Agra,27.055052,78.061614,Electrification,530488.18,527701.38,2020-09-07,2020-12-13,Metro Infra Ltd.,86.2,/static/demo_images/electrification_placeholder.jpg
MPL-00870,Construction of Community Hall in Anandpur,Construction of Community Hall in Anandpur,West Bengal,Asansol,23.792649,87.07781,Community Hall,958680.37,938505.07,2019-10-12,2020-03-05,Rapid Nation Builders,92.0,/static/demo_images/community_hall_placeholder.jpg
MPL-00687,Renovation of primary school building in Balrampur,Renovation of primary school building in Balrampur,Tamil Nadu,Madurai,9.983506,78.065185,School Infrastructure,1853172.3,3514737.66,2021-02-13,2021-08-15,Progressive Construction Co.,89.4,/static/demo_images/school_infrastructure_placeholder.jpg
MPL-00206,"Construction of additional classrooms at Government School, Gandhinagar","Construction of additional classrooms at Government School, Gandhinagar",West Bengal,Asansol,23.548511,86.848666,School Infrastructure,2361018.88,2306196.44,2023-05-15,2023-10-22,Metro Construction Co.,90.4,/static/demo_images/school_infrastructure_placeholder.jpg
MPL-00248,Renovation of panchayat library building in Ashoknagar,Renovation of panchayat library building in Ashoknagar,Rajasthan,Jaipur,26.966717,75.657135,Library,1168808.29,1164123.33,2021-09-04,2021-12-26,Om Engineering Works,88.7,/static/demo_images/library_placeholder.jpg
MPL-00805,Construction of Community Hall in Ashoknagar,Construction of Community Hall in Ashoknagar,Karnataka,Hubli,15.310777,75.09118,Community Hall,1982015.2,1996105.78,2023-10-17,2024-04-04,Shree Balaji Infra Pvt Ltd,99.4,/static/demo_images/community_hall_placeholder.jpg
MPL-00308,Repair and widening of village road in Saraswatipur,Repair and widening of village road in Saraswatipur,Tamil Nadu,Coimbatore,11.05611,76.858847,Road Construction,2715897.73,2311073.35,2022-01-25,2022-09-14,Prime Infra Ltd.,96.4,/static/demo_images/road_construction_placeholder.jpg
MPL-00460,Installation of solar street lights in Krishnapur,Installation of solar street lights in Krishnapur,West Bengal,Siliguri,26.609766,88.543421,Electrification,456801.14,414262.04,2020-12-27,2021-04-02,Cityscape Infra Ltd.,96.2,/static/demo_images/electrification_placeholder.jpg
MPL-00639,Installation of high-mast lighting in Ramganj,Installation of high-mast lighting in Ramganj,Bihar,Patna,25.495479,85.067405,Electrification,789119.85,736250.18,2024-12-09,2025-03-02,Reliable Builders,96.8,/static/demo_images/electrification_placeholder.jpg
MPL-00739,"Construction of additional classrooms at Government School, Devipur","Construction of additional classrooms at Government School, Devipur",Rajasthan,Udaipur,24.470107,73.588804,School Infrastructure,1240450.97,1238114.26,2020-04-20,2020-10-21,Rapid Nation Builders,90.5,/static/demo_images/school_infrastructure_placeholder.jpg
MPL-00243,Installation of solar street lights in Ganeshpur,Installation of solar street lights in Ganeshpur,Rajasthan,Udaipur,24.51849,73.587775,Electrification,692037.98,671277.93,2019-04-20,2019-06-30,Ganga Infra Ltd.,88.1,/static/demo_images/electrification_placeholder.jpg
MPL-00681,Construction of open gymnasium in Fatehpur,Construction of open gymnasium in Fatehpur,Uttar Pradesh,Lucknow,26.90019,80.813395,Sports Infrastructure,1217818.65,2048473.91,2021-03-11,2021-07-31,Prime Builders,94.6,/static/demo_images/sports_infrastructure_placeholder.jpg
MPL-00929,Drainage system construction in Anandpur,Drainage system construction in Anandpur,Uttar Pradesh,Agra,27.064271,78.068501,Sanitation,804681.45,702580.76,2023-02-15,2023-06-10,SuperFast Construction Co.,90.3,/static/demo_images/sanitation_placeholder.jpg
MPL-00295,Construction of link road connecting Ramganj,Construction of link road connecting Ramganj,Tamil Nadu,Chennai,13.084739,80.161395,Road Construction,3192849.75,3275437.66,2021-04-02,2021-11-18,Om Engineering Works,88.7,/static/demo_images/road_construction_placeholder.jpg
MPL-00945,Building of village community hall at Subhaspur,Building of village community hall at Subhaspur,Uttar Pradesh,Varanasi,25.425771,82.997867,Community Hall,962933.38,956646.91,2021-11-27,2022-07-04,SuperFast Construction Co.,99.6,/static/demo_images/community_hall_placeholder.jpg
MPL-00234,Construction of community sanitation block in Anandpur,Construction of community sanitation block in Anandpur,West Bengal,Durgapur,23.393055,87.40028,Sanitation,958218.96,891689.97,2022-02-13,2022-05-01,Skyline Engineering Works,91.8,/static/demo_images/sanitation_placeholder.jpg
MPL-00970,Construction of irrigation canal near Ramganj,Construction of irrigation canal near Ramganj,Tamil Nadu,Coimbatore,10.926372,77.068559,Irrigation,2946582.24,3009731.5,2021-05-27,2021-11-22,SuperFast Construction Co.,85.0,/static/demo_images/irrigation_placeholder.jpg
MPL-00975,Borewell and handpump installation for Balrampur,Borewell and handpump installation for Balrampur,Rajasthan,Jodhpur,26.167382,72.969586,Drinking Water,793102.72,744239.91,2022-01-04,2022-04-02,SuperFast Construction Co.,92.3,/static/demo_images/drinking_water_placeholder.jpg
MPL-00012,Construction of dispensary building in Ashoknagar,Construction of dispensary building in Ashoknagar,Maharashtra,Nagpur,21.178491,78.984052,Healthcare Facility,3406277.0,3262790.33,2024-12-12,2025-07-20,Shree Construction Co.,94.0,/static/demo_images/healthcare_facility_placeholder.jpg
MPL-00884,Construction of concrete road from Sundarpur to main highway,Construction of concrete road from Sundarpur to main highway,Tamil Nadu,Trichy,10.813069,78.62633,Road Construction,2490689.79,2254303.14,2023-07-16,2024-03-01,Rapid Nation Builders,90.9,/static/demo_images/road_construction_placeholder.jpg
MPL-00651,Check dam construction for irrigation in Gandhinagar,Check dam construction for irrigation in Gandhinagar,Maharashtra,Thane,19.107116,73.039457,Irrigation,2780216.15,2428829.17,2020-10-04,2021-04-29,Progressive Engineering Works,90.5,/static/demo_images/irrigation_placeholder.jpg
MPL-00862,Construction of Primary Health Sub-Centre in Anandpur,Construction of Primary Health Sub-Centre in Anandpur,Tamil Nadu,Madurai,9.950294,78.199735,Healthcare Facility,2278962.82,2299063.06,2024-06-21,2025-03-22,Rapid Nation Builders,91.5,/static/demo_images/healthcare_facility_placeholder.jpg
MPL-00749,Construction of irrigation canal near Ramganj,Construction of irrigation canal near Ramganj,Rajasthan,Jaipur,26.941247,75.689046,Irrigation,2555880.45,2569094.25,2020-01-03,2020-09-03,Cityscape Engineering Works,98.0,/static/demo_images/irrigation_placeholder.jpg
MPL-00764,Rural electrification work in Tagorepur,Rural electrification work in Tagorepur,Tamil Nadu,Coimbatore,11.155892,76.96463,Electrification,801253.42,689537.0,2023-02-25,2023-05-27,Cityscape Construction Co.,95.2,/static/demo_images/electrification_placeholder.jpg
MPL-00361,Building of village community hall at Fatehpur,Building of village community hall at Fatehpur,Tamil Nadu,Chennai,13.130524,80.411021,Community Hall,2003879.71,1897074.29,2024-06-20,2024-12-05,Rajdhani Builders,85.9,/static/demo_images/community_hall_placeholder.jpg
MPL-00656,Installation of solar street lights in Balrampur,Installation of solar street lights in Balrampur,Rajasthan,Jaipur,27.049824,75.904313,Electrification,801547.68,784862.11,2020-11-09,2021-01-29,Shree Engineering Works,93.6,/static/demo_images/electrification_placeholder.jpg
MPL-00052,Renovation of panchayat library building in Shivnagar,Renovation of panchayat library building in Shivnagar,West Bengal,Siliguri,26.811891,88.349461,Library,925540.21,855304.83,2024-09-03,2025-01-11,Metro Engineering Works,85.2,/static/demo_images/library_placeholder.jpg
MPL-00618,Construction of dispensary building in Subhaspur,Construction of dispensary building in Subhaspur,Rajasthan,Udaipur,24.474786,73.762156,Healthcare Facility,3580132.19,3410185.62,2024-06-28,2024-12-13,Cityscape Builders,98.3,/static/demo_images/healthcare_facility_placeholder.jpg
MPL-00628,Construction of irrigation canal near Saraswatipur,Construction of irrigation canal near Saraswatipur,Rajasthan,Kota,25.321739,75.890368,Irrigation,1522543.0,1467558.02,2023-05-24,2024-01-04,Om Infra Ltd.,90.0,/static/demo_images/irrigation_placeholder.jpg
MPL-00172,Construction of village playground in Saraswatipur,Construction of village playground in Saraswatipur,Bihar,Darbhanga,26.259518,85.882206,Sports Infrastructure,872092.54,760926.34,2020-10-27,2021-03-09,Cityscape Infra Ltd.,94.7,/static/demo_images/sports_infrastructure_placeholder.jpg
MPL-00827,Construction of Primary Health Sub-Centre in Balrampur,Construction of Primary Health Sub-Centre in Balrampur,Karnataka,Hubli,15.364374,75.110442,Healthcare Facility,1924294.1,1749417.4,2022-12-18,2023-09-26,Shree Balaji Infra Pvt Ltd,86.3,/static/demo_images/healthcare_facility_placeholder.jpg
MPL-00697,Drainage system construction in Gopalpur,Drainage system construction in Gopalpur,Tamil Nadu,Trichy,10.866288,78.783552,Sanitation,903363.02,821994.8,2019-05-12,2022-10-01,Bharat Builders,87.3,/static/demo_images/sanitation_placeholder.jpg
MPL-00082,Construction of Community Hall in Lakshmipur,Construction of Community Hall in Lakshmipur,Tamil Nadu,Coimbatore,11.049648,76.920563,Community Hall,1924701.87,1827568.81,2020-08-09,2021-02-27,Rajdhani Builders,91.9,/static/demo_images/community_hall_placeholder.jpg
MPL-00005,Installation of drinking water supply system in Subhaspur,Installation of drinking water supply system in Subhaspur,Uttar Pradesh,Meerut,29.066421,77.851966,Drinking Water,1164254.18,1191377.5,2023-02-03,2023-05-19,Sundar Construction Co.,90.6,/static/demo_images/drinking_water_placeholder.jpg
MPL-00570,Installation of high-mast lighting in Bhagwanpur,Installation of high-mast lighting in Bhagwanpur,Tamil Nadu,Madurai,10.028409,78.091087,Electrification,499721.78,467210.3,2024-08-06,2024-09-29,Vishwakarma Engineering Works,96.5,/static/demo_images/electrification_placeholder.jpg
MPL-00323,Construction of irrigation canal near Saraswatipur,Construction of irrigation canal near Saraswatipur,Maharashtra,Thane,19.334578,72.960306,Irrigation,1260338.49,1236385.4,2024-11-19,2025-08-06,Rapid Nation Builders,95.9,/static/demo_images/irrigation_placeholder.jpg
MPL-00616,Construction of Community Hall in Bhagwanpur,Construction of Community Hall in Bhagwanpur,Kerala,Thiruvananthapuram,8.614567,76.871486,Community Hall,2097220.46,2094619.9,2023-04-12,2023-10-16,National Engineering Works,91.0,/static/demo_images/community_hall_placeholder.jpg
MPL-00402,Construction of open gymnasium in Narayanpur,Construction of open gymnasium in Narayanpur,Rajasthan,Ajmer,26.433353,74.780763,Sports Infrastructure,1427385.16,1263817.28,2024-02-14,2024-06-27,Shree Balaji Infra Pvt Ltd,91.5,/static/demo_images/sports_infrastructure_placeholder.jpg
MPL-00372,Construction of village playground in Gopalpur,Construction of village playground in Gopalpur,Uttar Pradesh,Varanasi,25.449126,82.968537,Sports Infrastructure,1505538.84,1385251.65,2020-02-05,2020-05-17,Reliable Infra Ltd.,87.0,/static/demo_images/sports_infrastructure_placeholder.jpg
MPL-00523,Borewell and handpump installation for Ashoknagar,Borewell and handpump installation for Ashoknagar,Uttar Pradesh,Varanasi,25.253119,82.954301,Drinking Water,747435.7,755680.47,2019-08-03,2019-12-01,Progressive Construction Co.,87.6,/static/demo_images/drinking_water_placeholder.jpg
MPL-00719,Construction of link road connecting Gopalpur,Construction of link road connecting Gopalpur,Bihar,Bhagalpur,25.232622,86.883448,Road Construction,1754579.78,1640187.06,2024-01-11,2026-09-18,Prime Builders,89.1,/static/demo_images/road_construction_placeholder.jpg
MPL-00729,"Construction of additional classrooms at Government School, Lakshmipur","Construction of additional classrooms at Government School, Lakshmipur",Kerala,Thiruvananthapuram,8.391795,76.841419,School Infrastructure,2446496.43,2206422.67,2020-03-23,2020-03-31,Sundar Builders,86.2,/static/demo_images/school_infrastructure_placeholder.jpg
MPL-00194,Overhead water tank construction in Narayanpur,Overhead water tank construction in Narayanpur,Maharashtra,Aurangabad,20.006627,75.367043,Drinking Water,814062.46,716767.57,2022-09-13,2023-01-25,Rajdhani Builders,90.7,/static/demo_images/drinking_water_placeholder.jpg
MPL-00289,Setting up of reading room and library in Narayanpur,Setting up of reading room and library in Narayanpur,Maharashtra,Aurangabad,19.999441,75.467552,Library,600310.76,556860.17,2022-02-05,2022-05-14,Highway Infra Ltd.,91.9,/static/demo_images/library_placeholder.jpg
MPL-00191,Development of sports ground with boundary wall in Bhagwanpur,Development of sports ground with boundary wall in Bhagwanpur,Kerala,Kozhikode,11.171467,75.90251,Sports Infrastructure,993506.83,1025099.19,2020-04-25,2020-09-05,Modern Builders,98.7,/static/demo_images/sports_infrastructure_placeholder.jpg
MPL-00784,Rural electrification work in Chandpur,Rural electrification work in Chandpur,Bihar,Gaya,24.686452,85.057029,Electrification,590429.61,606630.27,2020-06-18,2020-09-25,Prime Construction Co.,85.6,/static/demo_images/electrification_placeholder.jpg
MPL-00301,Construction of open gymnasium in Ashoknagar,Construction of open gymnasium in Ashoknagar,Karnataka,Mangaluru,12.946815,74.795543,Sports Infrastructure,778914.98,672022.46,2022-02-08,2022-07-15,Vishwakarma Builders,94.8,/static/demo_images/sports_infrastructure_placeholder.jpg
MPL-00571,Renovation of panchayat library building in Narayanpur,Renovation of panchayat library building in Narayanpur,Kerala,Kozhikode,11.391768,75.737229,Library,1140009.31,1185641.33,2020-08-26,2021-01-02,Cityscape Infra Ltd.,86.6,/static/demo_images/library_placeholder.jpg
MPL-00887,Construction of irrigation canal near Ganeshpur,Construction of irrigation canal near Ganeshpur,Karnataka,Mysuru,12.345609,76.617777,Irrigation,1179571.01,1232503.28,2019-02-09,2019-09-10,Rapid Nation Builders,93.9,/static/demo_images/irrigation_placeholder.jpg
MPL-00244,Construction of open gymnasium in Bhagwanpur,Construction of open gymnasium in Bhagwanpur,Kerala,Thrissur,10.495125,76.258251,Sports Infrastructure,1522181.76,1535509.38,2021-09-07,2021-12-24,Modern Engineering Works,90.8,/static/demo_images/sports_infrastructure_placeholder.jpg
MPL-00476,Rural electrification work in Balrampur,Rural electrification work in Balrampur,Kerala,Kollam,8.758418,76.472798,Electrification,901975.44,775781.14,2023-04-21,2023-07-09,Om Infra Ltd.,86.3,/static/demo_images/electrification_placeholder.jpg
MPL-00412,Installation of high-mast lighting in Lakshmipur,Installation of high-mast lighting in Lakshmipur,West Bengal,Siliguri,26.795571,88.468717,Electrification,689747.97,603135.15,2024-05-25,2024-08-17,Ganga Infra Ltd.,88.0,/static/demo_images/electrification_placeholder.jpg
MPL-00956,Construction of Community Hall in Mahadevpur,Construction of Community Hall in Mahadevpur,Tamil Nadu,Madurai,9.825231,78.095388,Community Hall,2048264.34,2032444.31,2024-04-08,2024-10-22,SuperFast Construction Co.,96.1,/static/demo_images/community_hall_placeholder.jpg
MPL-00265,Construction of irrigation canal near Ganeshpur,Construction of irrigation canal near Ganeshpur,Tamil Nadu,Madurai,10.046723,78.218607,Irrigation,1769944.79,1519567.1,2023-11-10,2024-05-10,Apex Infra Ltd.,92.4,/static/demo_images/irrigation_placeholder.jpg
MPL-00673,Rural electrification work in Gopalpur,Rural electrification work in Gopalpur,Uttar Pradesh,Agra,27.108911,78.062152,Electrification,639952.04,1368623.06,2021-07-08,2021-10-07,Om Infra Ltd.,89.2,/static/demo_images/electrification_placeholder.jpg
MPL-00017,Construction of village public library in Saraswatipur,Construction of village public library in Saraswatipur,Kerala,Thiruvananthapuram,8.609486,77.028849,Library,711368.92,618454.3,2024-03-27,2024-06-29,Om Infra Ltd.,95.1,/static/demo_images/library_placeholder.jpg
MPL-00134,Construction of concrete road from Vijaynagar to main highway,Construction of concrete road from Vijaynagar to main highway,Karnataka,Hubli,15.434582,75.162477,Road Construction,3017303.02,3008363.95,2022-09-23,2023-04-29,Bharat Builders,85.7,/static/demo_images/road_construction_placeholder.jpg
MPL-00240,Construction of link road connecting Gopalpur,Construction of link road connecting Gopalpur,Karnataka,Mysuru,12.185453,76.510648,Road Construction,2162753.84,2154433.03,2020-02-24,2020-08-30,United Builders,89.7,/static/demo_images/road_construction_placeholder.jpg
MPL-00462,Rural electrification work in Indranagar,Rural electrification work in Indranagar,West Bengal,Durgapur,23.527794,87.370649,Electrification,727232.25,634045.03,2024-12-06,2025-03-01,National Engineering Works,92.3,/static/demo_images/electrification_placeholder.jpg
MPL-00871,Upgradation of health centre facilities in Narayanpur,Upgradation of health centre facilities in Narayanpur,Rajasthan,Jodhpur,26.315008,72.994403,Healthcare Facility,2891125.5,2638542.12,2024-02-05,2024-09-04,Rapid Nation Builders,92.4,/static/demo_images/healthcare_facility_placeholder.jpg
MPL-00604,Construction of community sanitation block in Ganeshpur,Construction of community sanitation block in Ganeshpur,Bihar,Gaya,24.902401,85.030225,Sanitation,1116645.21,1012343.23,2021-02-14,2021-06-10,Reliable Builders,87.7,/static/demo_images/sanitation_placeholder.jpg
MPL-00263,Installation of irrigation pump sets in Balrampur,Installation of irrigation pump sets in Balrampur,Rajasthan,Jaipur,26.927436,75.665718,Irrigation,1333623.96,1345309.1,2021-06-29,2022-01-22,Bharat Construction Co.,88.0,/static/demo_images/irrigation_placeholder.jpg
MPL-00475,Construction of village playground in Indranagar,Construction of village playground in Indranagar,Kerala,Kollam,8.805173,76.569195,Sports Infrastructure,1010333.4,887387.31,2021-09-29,2022-02-01,Sundar Builders,86.1,/static/demo_images/sports_infrastructure_placeholder.jpg
MPL-00138,Installation of irrigation pump sets in Vijaynagar,Installation of irrigation pump sets in Vijaynagar,Bihar,Gaya,24.725516,84.874983,Irrigation,1946549.36,1822206.57,2021-01-09,2021-06-26,Progressive Builders,89.4,/static/demo_images/irrigation_placeholder.jpg
MPL-00703,Installation of irrigation pump sets in Vijaynagar,Installation of irrigation pump sets in Vijaynagar,West Bengal,Asansol,23.776692,87.040104,Irrigation,1883071.7,1910726.34,2021-01-05,2023-12-28,Reliable Engineering Works,91.9,/static/demo_images/irrigation_placeholder.jpg
MPL-00283,Construction of village playground in Saraswatipur,Construction of village playground in Saraswatipur,Kerala,Thiruvananthapuram,8.390451,76.787745,Sports Infrastructure,756391.2,767570.25,2020-02-02,2020-05-26,Shree Engineering Works,88.1,/static/demo_images/sports_infrastructure_placeholder.jpg
MPL-00700,Overhead water tank construction in Vijaynagar,Overhead water tank construction in Vijaynagar,Rajasthan,Ajmer,26.303214,74.587932,Drinking Water,1207849.96,1121151.76,2020-03-29,2020-04-05,Bharat Construction Co.,93.0,/static/demo_images/drinking_water_placeholder.jpg
MPL-00669,Repair and widening of village road in Mahadevpur,Repair and widening of village road in Mahadevpur,Uttar Pradesh,Lucknow,26.977574,80.929573,Road Construction,1807345.68,3549291.18,2023-01-05,2023-07-20,Prime Construction Co.,86.3,/static/demo_images/road_construction_placeholder.jpg
MPL-00176,Repair and widening of village road in Ashoknagar,Repair and widening of village road in Ashoknagar,West Bengal,Siliguri,26.687363,88.311555,Road Construction,3426193.18,3239932.92,2024-02-07,2024-09-22,Skyline Engineering Works,91.2,/static/demo_images/road_construction_placeholder.jpg
MPL-00908,Repair and widening of village road in Ramganj,Repair and widening of village road in Ramganj,Uttar Pradesh,Agra,27.171816,77.913313,Road Construction,1836841.28,1872743.55,2021-12-02,2022-08-03,Rapid Nation Builders,97.3,/static/demo_images/road_construction_placeholder.jpg
MPL-00946,Installation of high-mast lighting in Balrampur,Installation of high-mast lighting in Balrampur,Uttar Pradesh,Kanpur,26.31332,80.252309,Electrification,425498.09,404813.6,2020-04-08,2020-07-14,SuperFast Construction Co.,92.7,/static/demo_images/electrification_placeholder.jpg
MPL-00350,Construction of link road connecting Tagorepur,Construction of link road connecting Tagorepur,Kerala,Kollam,8.756855,76.718575,Road Construction,2106940.31,2002788.75,2022-04-02,2022-11-26,Ganga Infra Ltd.,94.1,/static/demo_images/road_construction_placeholder.jpg
MPL-00715,Setting up of reading room and library in Shivnagar,Setting up of reading room and library in Shivnagar,Uttar Pradesh,Kanpur,26.370819,80.310449,Library,759191.16,657366.87,2021-04-07,2024-05-24,Bharat Engineering Works,90.6,/static/demo_images/library_placeholder.jpg
MPL-00542,Construction of Primary Health Sub-Centre in Sundarpur,Construction of Primary Health Sub-Centre in Sundarpur,Karnataka,Mangaluru,12.870036,74.842778,Healthcare Facility,1915907.68,1982631.71,2022-03-14,2022-12-25,Sundar Engineering Works,99.6,/static/demo_images/healthcare_facility_placeholder.jpg
MPL-00223,"Construction of additional classrooms at Government School, Mahadevpur","Construction of additional classrooms at Government School, Mahadevpur",Karnataka,Bengaluru,12.900306,77.703391,School Infrastructure,2029887.04,1984867.63,2020-04-12,2020-08-14,Skyline Construction Co.,90.3,/static/demo_images/school_infrastructure_placeholder.jpg
MPL-00360,Installation of solar street lights in Indranagar,Installation of solar street lights in Indranagar,Rajasthan,Jaipur,26.961204,75.891695,Electrification,843924.03,820975.37,2020-11-10,2021-01-27,Highway Builders,87.1,/static/demo_images/electrification_placeholder.jpg
MPL-00748,Borewell and handpump installation for Vijaynagar,Borewell and handpump installation for Vijaynagar,Tamil Nadu,Madurai,10.030506,77.992928,Drinking Water,1264221.41,1238961.71,2023-11-12,2024-04-15,Rajdhani Infra Ltd.,94.4,/static/demo_images/drinking_water_placeholder.jpg
MPL-00660,Construction of Community Centre in Ramganj,Construction of Community Centre in Ramganj,Maharashtra,Pune,18.573983,73.724374,Community Hall,2341685.0,4906737.18,2019-08-28,2020-03-08,Ganga Infra Ltd.,90.8,/static/demo_images/community_hall_placeholder.jpg
MPL-00276,Overhead water tank construction in Lakshmipur,Overhead water tank construction in Lakshmipur,Kerala,Thiruvananthapuram,8.469565,77.029242,Drinking Water,969104.92,947716.15,2020-03-02,2020-07-10,Modern Engineering Works,87.1,/static/demo_images/drinking_water_placeholder.jpg
MPL-00617,"Construction of additional classrooms at Government School, Anandpur","Construction of additional classrooms at Government School, Anandpur",Tamil Nadu,Coimbatore,10.872954,76.868267,School Infrastructure,1779305.22,1655606.58,2020-09-23,2021-01-17,United Engineering Works,89.5,/static/demo_images/school_infrastructure_placeholder.jpg
MPL-00792,Upgradation of health centre facilities in Sundarpur,Upgradation of health centre facilities in Sundarpur,Maharashtra,Thane,19.364322,73.117128,Healthcare Facility,1834029.0,1888439.42,2022-04-22,2022-11-07,Skyline Builders,99.8,/static/demo_images/healthcare_facility_placeholder.jpg
MPL-00300,Construction of irrigation canal near Narayanpur,Construction of irrigation canal near Narayanpur,Karnataka,Hubli,15.354709,75.177159,Irrigation,2706190.56,2515216.07,2020-02-24,2020-08-25,Shree Construction Co.,92.7,/static/demo_images/irrigation_placeholder.jpg
MPL-00019,Construction of irrigation canal near Devipur,Construction of irrigation canal near Devipur,West Bengal,Durgapur,23.503339,87.420305,Irrigation,2185618.09,1879888.73,2020-01-18,2020-10-01,Rajdhani Infra Ltd.,87.5,/static/demo_images/irrigation_placeholder.jpg
MPL-00088,Development of sports ground with boundary wall in Indranagar,Development of sports ground with boundary wall in Indranagar,Karnataka,Mangaluru,13.013242,74.783091,Sports Infrastructure,1567158.79,1483111.38,2022-04-23,2022-08-18,Metro Engineering Works,97.1,/static/demo_images/sports_infrastructure_placeholder.jpg
MPL-00352,Overhead water tank construction in Balrampur,Overhead water tank construction in Balrampur,Karnataka,Mangaluru,12.806512,74.718532,Drinking Water,938174.88,871392.16,2019-12-15,2020-03-11,Ganga Engineering Works,88.2,/static/demo_images/drinking_water_placeholder.jpg
MPL-00324,Installation of high-mast lighting in Indranagar,Installation of high-mast lighting in Indranagar,Tamil Nadu,Trichy,10.846972,78.740172,Electrification,619708.74,616814.94,2024-05-27,2024-08-27,Skyline Construction Co.,95.0,/static/demo_images/electrification_placeholder.jpg
MPL-00231,Installation of high-mast lighting in Gandhinagar,Installation of high-mast lighting in Gandhinagar,Kerala,Kozhikode,11.298631,75.680194,Electrification,443540.98,395338.69,2022-12-07,2023-03-08,Progressive Construction Co.,89.2,/static/demo_images/electrification_placeholder.jpg
MPL-00268,Check dam construction for irrigation in Balrampur,Check dam construction for irrigation in Balrampur,Karnataka,Hubli,15.31791,75.143695,Irrigation,1751048.4,1583100.33,2019-04-17,2019-10-09,Metro Construction Co.,94.0,/static/demo_images/irrigation_placeholder.jpg
MPL-00613,Construction of open gymnasium in Narayanpur,Construction of open gymnasium in Narayanpur,Tamil Nadu,Chennai,13.199968,80.296403,Sports Infrastructure,1301902.13,1359609.56,2023-09-02,2023-12-15,National Builders,88.7,/static/demo_images/sports_infrastructure_placeholder.jpg
MPL-00396,Construction of Community Centre in Ramganj,Construction of Community Centre in Ramganj,Bihar,Darbhanga,26.101727,85.894933,Community Hall,2062116.55,1937123.47,2019-11-18,2020-06-08,Apex Construction Co.,94.2,/static/demo_images/community_hall_placeholder.jpg
MPL-00179,Construction of village public library in Saraswatipur,Construction of village public library in Saraswatipur,Tamil Nadu,Salem,11.783967,78.129645,Library,590072.23,517132.73,2024-03-08,2024-06-07,Ganga Engineering Works,95.8,/static/demo_images/library_placeholder.jpg
MPL-00187,Development of sports ground with boundary wall in Devipur,Development of sports ground with boundary wall in Devipur,Maharashtra,Aurangabad,19.81635,75.211587,Sports Infrastructure,1703372.28,1747562.49,2023-10-16,2024-03-17,Progressive Engineering Works,92.4,/static/demo_images/sports_infrastructure_placeholder.jpg
MPL-00297,Construction of village public library in Mahadevpur,Construction of village public library in Mahadevpur,Bihar,Gaya,24.933656,84.992575,Library,1036200.35,952112.49,2020-01-06,2020-05-01,Ganga Construction Co.,85.4,/static/demo_images/library_placeholder.jpg
MPL-00598,Repair and widening of village road in Vijaynagar,Repair and widening of village road in Vijaynagar,Bihar,Bhagalpur,25.273135,87.078228,Road Construction,2943128.15,2768460.41,2019-04-23,2019-10-07,Om Infra Ltd.,94.6,/static/demo_images/road_construction_placeholder.jpg
MPL-00826,Construction of village public library in Nehrunagar,Construction of village public library in Nehrunagar,Karnataka,Hubli,15.502105,75.14407,Library,1434964.08,1247674.3,2019-03-03,2019-06-02,Shree Balaji Infra Pvt Ltd,87.1,/static/demo_images/library_placeholder.jpg
MPL-00048,Rural electrification work in Anandpur,Rural electrification work in Anandpur,Karnataka,Bengaluru,13.047203,77.694177,Electrification,511362.92,443035.24,2019-03-21,2019-06-20,Progressive Builders,85.8,/static/demo_images/electrification_placeholder.jpg
MPL-00136,Renovation of primary school building in Sundarpur,Renovation of primary school building in Sundarpur,Uttar Pradesh,Varanasi,25.447611,82.978515,School Infrastructure,2860420.86,2742017.0,2021-11-03,2022-04-13,Om Construction Co.,96.3,/static/demo_images/school_infrastructure_placeholder.jpg
MPL-00226,Construction of Community Centre in Lakshmipur,Construction of Community Centre in Lakshmipur,West Bengal,Asansol,23.776496,86.988223,Community Hall,2198283.35,2287024.51,2024-06-07,2024-12-15,Bharat Builders,87.9,/static/demo_images/community_hall_placeholder.jpg
MPL-00358,Construction of link road connecting Rampur,Construction of link road connecting Rampur,Uttar Pradesh,Meerut,29.023988,77.800193,Road Construction,2593581.73,2603541.22,2021-05-21,2021-11-09,Om Construction Co.,93.3,/static/demo_images/road_construction_placeholder.jpg
MPL-00955,Construction of village public library in Subhaspur,Construction of village public library in Subhaspur,Rajasthan,Jodhpur,26.270564,73.113057,Library,847414.62,740295.31,2020-08-30,2020-12-01,SuperFast Construction Co.,93.6,/static/demo_images/library_placeholder.jpg
MPL-00775,Installation of solar street lights in Gandhinagar,Installation of solar street lights in Gandhinagar,Uttar Pradesh,Lucknow,26.7299,80.88167,Electrification,440208.2,411247.41,2021-03-26,2021-06-22,Modern Builders,99.4,/static/demo_images/electrification_placeholder.jpg
MPL-00091,Overhead water tank construction in Nehrunagar,Overhead water tank construction in Nehrunagar,Bihar,Patna,25.542502,85.170625,Drinking Water,998121.9,975245.73,2023-07-31,2023-10-31,United Infra Ltd.,87.1,/static/demo_images/drinking_water_placeholder.jpg
MPL-00844,Installation of solar street lights in Shivnagar,Installation of solar street lights in Shivnagar,Karnataka,Hubli,15.352347,75.085936,Electrification,691652.14,610404.75,2023-11-21,2024-03-03,Shree Balaji Infra Pvt Ltd,90.7,/static/demo_images/electrification_placeholder.jpg
MPL-00140,Construction of link road connecting Subhaspur,Construction of link road connecting Subhaspur,Uttar Pradesh,Agra,27.148563,78.012026,Road Construction,2969775.57,2619334.17,2019-05-08,2019-12-15,Bharat Infra Ltd.,97.7,/static/demo_images/road_construction_placeholder.jpg
MPL-00818,Construction of public toilet complex in Anandpur,Construction of public toilet complex in Anandpur,Karnataka,Hubli,15.231101,75.085443,Sanitation,716955.32,648116.07,2020-03-03,2020-05-26,Shree Balaji Infra Pvt Ltd,86.2,/static/demo_images/sanitation_placeholder.jpg
MPL-00428,Construction of dispensary building in Balrampur,Construction of dispensary building in Balrampur,Uttar Pradesh,Kanpur,26.466797,80.459677,Healthcare Facility,1886786.97,1618009.0,2022-12-27,2023-08-21,Bharat Engineering Works,87.1,/static/demo_images/healthcare_facility_placeholder.jpg
MPL-00116,Installation of irrigation pump sets in Mahadevpur,Installation of irrigation pump sets in Mahadevpur,Uttar Pradesh,Meerut,28.925346,77.638802,Irrigation,1246727.03,1186220.1,2022-06-25,2022-12-26,Cityscape Engineering Works,91.8,/static/demo_images/irrigation_placeholder.jpg
MPL-00962,Upgradation of health centre facilities in Chandpur,Upgradation of health centre facilities in Chandpur,Rajasthan,Udaipur,24.530973,73.616025,Healthcare Facility,1857991.4,1881768.93,2021-05-12,2022-01-19,SuperFast Construction Co.,91.5,/static/demo_images/healthcare_facility_placeholder.jpg
MPL-00162,Construction of open gymnasium in Ashoknagar,Construction of open gymnasium in Ashoknagar,Tamil Nadu,Chennai,13.118621,80.37305,Sports Infrastructure,822553.28,811157.12,2019-05-10,2019-09-25,Rapid Nation Builders,99.2,/static/demo_images/sports_infrastructure_placeholder.jpg
MPL-00481,Installation of high-mast lighting in Balrampur,Installation of high-mast lighting in Balrampur,Maharashtra,Nagpur,21.017077,79.028835,Electrification,636584.91,616282.43,2020-10-13,2021-01-11,Modern Builders,90.8,/static/demo_images/electrification_placeholder.jpg
MPL-00072,Construction of Community Centre in Ramganj,Construction of Community Centre in Ramganj,Kerala,Kochi,10.045454,76.262714,Community Hall,943304.16,920669.06,2021-09-07,2022-02-11,Sundar Construction Co.,89.7,/static/demo_images/community_hall_placeholder.jpg
MPL-00143,Development of sports ground with boundary wall in Shivnagar,Development of sports ground with boundary wall in Shivnagar,Karnataka,Belagavi,15.932189,74.558911,Sports Infrastructure,896027.47,871275.1,2021-03-30,2021-07-13,United Engineering Works,87.0,/static/demo_images/sports_infrastructure_placeholder.jpg
MPL-00092,Construction of Primary Health Sub-Centre in Saraswatipur,Construction of Primary Health Sub-Centre in Saraswatipur,Uttar Pradesh,Varanasi,25.196758,83.090078,Healthcare Facility,1839160.12,1730150.8,2023-09-13,2024-05-22,Bharat Engineering Works,98.3,/static/demo_images/healthcare_facility_placeholder.jpg
MPL-00841,Installation of irrigation pump sets in Ganeshpur,Installation of irrigation pump sets in Ganeshpur,Karnataka,Hubli,15.349499,75.264837,Irrigation,1325147.5,1184316.86,2020-11-11,2021-06-30,Shree Balaji Infra Pvt Ltd,94.0,/static/demo_images/irrigation_placeholder.jpg
MPL-00942,Installation of solar street lights in Narayanpur,Installation of solar street lights in Narayanpur,Kerala,Thiruvananthapuram,8.507243,76.79178,Electrification,365322.42,313227.72,2023-01-09,2023-03-15,SuperFast Construction Co.,92.2,/static/demo_images/electrification_placeholder.jpg
MPL-00195,Installation of irrigation pump sets in Balrampur,Installation of irrigation pump sets in Balrampur,West Bengal,Kolkata,22.705639,88.315169,Irrigation,2590385.19,2454970.78,2024-03-02,2024-09-09,Sundar Builders,96.0,/static/demo_images/irrigation_placeholder.jpg
MPL-00028,Construction of Community Centre in Ashoknagar,Construction of Community Centre in Ashoknagar,Karnataka,Mysuru,12.194275,76.621951,Community Hall,1958501.17,1884433.34,2020-04-03,2020-09-20,National Builders,99.2,/static/demo_images/community_hall_placeholder.jpg
MPL-00159,Construction of Community Centre in Gandhinagar,Construction of Community Centre in Gandhinagar,Uttar Pradesh,Varanasi,25.40879,82.9797,Community Hall,1123411.0,1155570.14,2022-07-28,2023-03-04,Sundar Construction Co.,90.9,/static/demo_images/community_hall_placeholder.jpg
MPL-00068,Renovation of panchayat library building in Rampur,Renovation of panchayat library building in Rampur,Kerala,Thiruvananthapuram,8.620526,76.959474,Library,1226798.1,1085763.12,2024-10-26,2025-01-21,Cityscape Construction Co.,98.7,/static/demo_images/library_placeholder.jpg
MPL-00760,Rural electrification work in Fatehpur,Rural electrification work in Fatehpur,Tamil Nadu,Madurai,9.967336,78.120564,Electrification,425994.08,408815.34,2019-09-28,2020-01-17,Vishwakarma Infra Ltd.,94.6,/static/demo_images/electrification_placeholder.jpg
MPL-00861,Renovation of primary school building in Krishnapur,Renovation of primary school building in Krishnapur,Bihar,Patna,25.656525,85.183177,School Infrastructure,1920678.75,1943347.27,2021-03-01,2021-06-08,Rapid Nation Builders,88.8,/static/demo_images/school_infrastructure_placeholder.jpg
MPL-00903,Construction of village playground in Vijaynagar,Construction of village playground in Vijaynagar,Kerala,Kozhikode,11.295067,75.900374,Sports Infrastructure,1625585.76,1399153.38,2019-01-25,2019-06-09,Rapid Nation Builders,91.9,/static/demo_images/sports_infrastructure_placeholder.jpg
MPL-00797,Construction of village playground in Ganeshpur,Construction of village playground in Ganeshpur,Maharashtra,Nagpur,21.220933,78.941737,Sports Infrastructure,769702.94,713359.23,2019-06-29,2019-11-08,Bharat Construction Co.,88.7,/static/demo_images/sports_infrastructure_placeholder.jpg
MPL-00443,Drainage system construction in Rampur,Drainage system construction in Rampur,West Bengal,Howrah,22.730535,88.181275,Sanitation,659250.31,612159.61,2024-11-02,2025-02-25,Rajdhani Builders,91.3,/static/demo_images/sanitation_placeholder.jpg
MPL-00329,Construction of open gymnasium in Nehrunagar,Construction of open gymnasium in Nehrunagar,Karnataka,Mysuru,12.28774,76.68655,Sports Infrastructure,1447504.85,1263389.0,2022-10-30,2023-03-09,Skyline Builders,97.4,/static/demo_images/sports_infrastructure_placeholder.jpg
MPL-00349,Construction of concrete road from Fatehpur to main highway,Construction of concrete road from Fatehpur to main highway,Kerala,Kochi,10.054496,76.23959,Road Construction,2312476.46,2152660.3,2020-04-29,2020-11-12,Progressive Construction Co.,85.1,/static/demo_images/road_construction_placeholder.jpg
MPL-00611,Installation of drinking water supply system in Bhagwanpur,Installation of drinking water supply system in Bhagwanpur,Rajasthan,Kota,25.08017,75.769742,Drinking Water,856198.03,755775.41,2024-07-20,2024-11-08,Om Builders,91.6,/static/demo_images/drinking_water_placeholder.jpg
MPL-00158,Construction of community sanitation block in Vijaynagar,Construction of community sanitation block in Vijaynagar,Maharashtra,Nagpur,21.16315,79.047882,Sanitation,520987.15,505614.17,2023-07-03,2023-10-10,Highway Construction Co.,85.6,/static/demo_images/sanitation_placeholder.jpg
MPL-00889,Construction of village playground in Lakshmipur,Construction of village playground in Lakshmipur,Bihar,Muzaffarpur,26.205077,85.270598,Sports Infrastructure,1544281.88,1416315.69,2021-11-20,2022-03-11,Rapid Nation Builders,95.0,/static/demo_images/sports_infrastructure_placeholder.jpg
MPL-00933,Check dam construction for irrigation in Gandhinagar,Check dam construction for irrigation in Gandhinagar,Tamil Nadu,Trichy,10.922928,78.788763,Irrigation,1696098.49,1663412.59,2024-08-24,2025-02-16,SuperFast Construction Co.,86.6,/static/demo_images/irrigation_placeholder.jpg
MPL-00450,Renovation of panchayat library building in Saraswatipur,Renovation of panchayat library building in Saraswatipur,Rajasthan,Kota,25.161269,75.852063,Library,762105.46,709499.88,2019-06-21,2019-10-23,Apex Construction Co.,95.8,/static/demo_images/library_placeholder.jpg
MPL-00042,Construction of community sanitation block in Balrampur,Construction of community sanitation block in Balrampur,Bihar,Bhagalpur,25.361662,87.057297,Sanitation,752272.11,678427.81,2021-10-09,2021-12-09,Vishwakarma Engineering Works,96.5,/static/demo_images/sanitation_placeholder.jpg
MPL-00965,Construction of village playground in Balrampur,Construction of village playground in Balrampur,Uttar Pradesh,Varanasi,25.1696,83.073651,Sports Infrastructure,688355.04,613068.4,2023-12-28,2024-05-29,SuperFast Construction Co.,92.8,/static/demo_images/sports_infrastructure_placeholder.jpg
MPL-00192,"Construction of additional classrooms at Government School, Anandpur","Construction of additional classrooms at Government School, Anandpur",Kerala,Thrissur,10.543224,76.297054,School Infrastructure,1765191.14,1688811.36,2023-01-11,2023-06-24,Ganga Engineering Works,88.9,/static/demo_images/school_infrastructure_placeholder.jpg
MPL-00327,Repair and widening of village road in Saraswatipur,Repair and widening of village road in Saraswatipur,Rajasthan,Kota,25.158618,76.009001,Road Construction,2959525.72,2526114.5,2019-01-01,2019-07-23,National Engineering Works,96.9,/static/demo_images/road_construction_placeholder.jpg
MPL-00854,Construction of village public library in Anandpur,Construction of village public library in Anandpur,Maharashtra,Pune,18.593102,73.745864,Library,948335.64,925860.43,2023-01-06,2023-04-09,Rapid Nation Builders,87.8,/static/demo_images/library_placeholder.jpg
MPL-00563,Installation of drinking water supply system in Shivnagar,Installation of drinking water supply system in Shivnagar,West Bengal,Siliguri,26.853129,88.30692,Drinking Water,1200939.89,1065181.28,2022-02-10,2022-06-05,SuperFast Construction Co.,90.2,/static/demo_images/drinking_water_placeholder.jpg
MPL-00922,Construction of link road connecting Ganeshpur,Construction of link road connecting Ganeshpur,Kerala,Thiruvananthapuram,8.463568,76.821978,Road Construction,1827261.71,1772988.23,2022-09-17,2023-04-28,Rapid Nation Builders,85.3,/static/demo_images/road_construction_placeholder.jpg
MPL-00879,Development of sports ground with boundary wall in Chandpur,Development of sports ground with boundary wall in Chandpur,Bihar,Muzaffarpur,26.185054,85.437187,Sports Infrastructure,1592587.68,1387354.24,2023-04-29,2023-10-05,Rapid Nation Builders,99.6,/static/demo_images/sports_infrastructure_placeholder.jpg
MPL-00636,Construction of village public library in Subhaspur,Construction of village public library in Subhaspur,Bihar,Bhagalpur,25.304421,87.11219,Library,934044.04,879334.4,2020-03-30,2020-07-27,United Builders,96.7,/static/demo_images/library_placeholder.jpg
MPL-00750,Check dam construction for irrigation in Ramganj,Check dam construction for irrigation in Ramganj,Rajasthan,Jaipur,26.94351,75.695582,Irrigation,1985724.73,1692473.86,2020-04-22,2020-11-05,Rajdhani Construction Co.,86.8,/static/demo_images/irrigation_placeholder.jpg
MPL-00758,Borewell and handpump installation for Bhagwanpur,Borewell and handpump installation for Bhagwanpur,West Bengal,Kolkata,22.506805,88.458948,Drinking Water,610655.5,574757.23,2021-11-07,2022-03-23,Vishwakarma Infra Ltd.,99.1,/static/demo_images/drinking_water_placeholder.jpg
MPL-00303,Check dam construction for irrigation in Ramganj,Check dam construction for irrigation in Ramganj,Uttar Pradesh,Kanpur,26.571973,80.30328,Irrigation,2539790.98,2454974.0,2022-11-06,2023-07-19,Rajdhani Construction Co.,95.3,/static/demo_images/irrigation_placeholder.jpg
MPL-00163,Renovation of primary school building in Rampur,Renovation of primary school building in Rampur,Maharashtra,Nashik,19.941608,73.685229,School Infrastructure,2322900.47,2165118.57,2019-09-13,2020-02-17,Bharat Builders,92.8,/static/demo_images/school_infrastructure_placeholder.jpg
MPL-00836,Construction of Community Hall in Krishnapur,Construction of Community Hall in Krishnapur,Karnataka,Hubli,15.235478,75.095521,Community Hall,1347505.2,1337319.87,2023-09-16,2024-03-20,Shree Balaji Infra Pvt Ltd,92.9,/static/demo_images/community_hall_placeholder.jpg
MPL-00494,Installation of irrigation pump sets in Mahadevpur,Installation of irrigation pump sets in Mahadevpur,Uttar Pradesh,Lucknow,26.968517,80.96839,Irrigation,1769876.58,1629318.13,2022-04-21,2022-10-28,Ganga Builders,87.5,/static/demo_images/irrigation_placeholder.jpg
MPL-00511,Repair and widening of village road in Mahadevpur,Repair and widening of village road in Mahadevpur,Karnataka,Mysuru,12.340138,76.542385,Road Construction,1406528.6,1303616.75,2020-03-13,2020-10-26,Skyline Builders,92.3,/static/demo_images/road_construction_placeholder.jpg
MPL-00624,"Construction of additional classrooms at Government School, Lakshmipur","Construction of additional classrooms at Government School, Lakshmipur",Tamil Nadu,Coimbatore,11.090909,76.987016,School Infrastructure,2648908.43,2307904.2,2024-12-28,2025-04-19,Shree Infra Ltd.,85.1,/static/demo_images/school_infrastructure_placeholder.jpg
MPL-00971,Installation of irrigation pump sets in Balrampur,Installation of irrigation pump sets in Balrampur,Uttar Pradesh,Meerut,28.897064,77.609835,Irrigation,1934502.76,1746110.75,2022-11-29,2023-05-18,SuperFast Construction Co.,92.3,/static/demo_images/irrigation_placeholder.jpg
MPL-00471,Installation of drinking water supply system in Bhagwanpur,Installation of drinking water supply system in Bhagwanpur,Karnataka,Mangaluru,12.897232,74.71348,Drinking Water,866130.55,822833.43,2024-11-14,2025-03-28,Ganga Engineering Works,96.6,/static/demo_images/drinking_water_placeholder.jpg
MPL-00060,Construction of Community Hall in Narayanpur,Construction of Community Hall in Narayanpur,Bihar,Darbhanga,26.296488,85.907808,Community Hall,1946126.09,1703358.34,2024-07-03,2025-01-17,United Builders,98.1,/static/demo_images/community_hall_placeholder.jpg
MPL-00046,Check dam construction for irrigation in Rampur,Check dam construction for irrigation in Rampur,Rajasthan,Udaipur,24.536239,73.766243,Irrigation,1908201.67,1684959.15,2024-03-29,2024-09-09,Bharat Construction Co.,99.7,/static/demo_images/irrigation_placeholder.jpg
MPL-00957,Installation of drinking water supply system in Gopalpur,Installation of drinking water supply system in Gopalpur,Maharashtra,Thane,19.275314,73.12508,Drinking Water,585902.2,599598.25,2022-12-22,2023-05-25,SuperFast Construction Co.,86.9,/static/demo_images/drinking_water_placeholder.jpg
MPL-00477,Building of village community hall at Gandhinagar,Building of village community hall at Gandhinagar,Rajasthan,Jaipur,27.029783,75.826141,Community Hall,1935187.35,1817464.59,2021-03-22,2021-09-03,Progressive Construction Co.,86.2,/static/demo_images/community_hall_placeholder.jpg
MPL-00900,Development of sports ground with boundary wall in Bhagwanpur,Development of sports ground with boundary wall in Bhagwanpur,Rajasthan,Jodhpur,26.180399,72.9635,Sports Infrastructure,1679830.51,1582788.17,2021-01-21,2021-05-17,Rapid Nation Builders,90.6,/static/demo_images/sports_infrastructure_placeholder.jpg
MPL-00550,Construction of Community Centre in Tagorepur,Construction of Community Centre in Tagorepur,West Bengal,Asansol,23.742482,86.926658,Community Hall,2153267.3,2087780.29,2020-08-11,2021-01-30,Prime Infra Ltd.,89.5,/static/demo_images/community_hall_placeholder.jpg
MPL-00582,Construction of community sanitation block in Bhagwanpur,Construction of community sanitation block in Bhagwanpur,Karnataka,Mangaluru,12.954733,74.998232,Sanitation,472724.83,482210.93,2021-05-26,2021-09-19,Ganga Construction Co.,89.0,/static/demo_images/sanitation_placeholder.jpg
MPL-00752,Setting up of reading room and library in Fatehpur,Setting up of reading room and library in Fatehpur,Uttar Pradesh,Kanpur,26.448829,80.394554,Library,1315989.44,1260062.8,2023-07-19,2023-12-25,Highway Engineering Works,90.9,/static/demo_images/library_placeholder.jpg
MPL-00291,Upgradation of health centre facilities in Balrampur,Upgradation of health centre facilities in Balrampur,Maharashtra,Nagpur,21.259168,79.017441,Healthcare Facility,3136969.18,3025307.66,2023-07-09,2024-02-12,Bharat Infra Ltd.,94.3,/static/demo_images/healthcare_facility_placeholder.jpg
MPL-00873,"Construction of additional classrooms at Government School, Lakshmipur","Construction of additional classrooms at Government School, Lakshmipur",Rajasthan,Udaipur,24.492748,73.833183,School Infrastructure,1743983.16,1797307.39,2019-08-04,2020-02-22,Rapid Nation Builders,88.9,/static/demo_images/school_infrastructure_placeholder.jpg
MPL-00731,"Construction of additional classrooms at Government School, Indranagar","Construction of additional classrooms at Government School, Indranagar",Maharashtra,Nagpur,21.1085,79.094222,School Infrastructure,2811704.18,2539438.88,2023-10-26,2027-03-01,Metro Engineering Works,90.6,/static/demo_images/school_infrastructure_placeholder.jpg
MPL-00780,Renovation of primary school building in Saraswatipur,Renovation of primary school building in Saraswatipur,Rajasthan,Udaipur,24.668301,73.593819,School Infrastructure,2752377.0,2574189.75,2021-03-28,2021-10-04,Rajdhani Builders,98.0,/static/demo_images/school_infrastructure_placeholder.jpg
MPL-00180,Construction of dispensary building in Rampur,Construction of dispensary building in Rampur,Rajasthan,Jaipur,26.82777,75.659209,Healthcare Facility,2559243.46,2533848.02,2019-09-04,2020-05-24,National Construction Co.,99.8,/static/demo_images/healthcare_facility_placeholder.jpg
MPL-00288,Construction of Community Hall in Lakshmipur,Construction of Community Hall in Lakshmipur,Rajasthan,Kota,25.306338,75.752656,Community Hall,1535062.35,1608217.26,2023-11-19,2024-04-08,Prime Builders,100.0,/static/demo_images/community_hall_placeholder.jpg
MPL-00615,Installation of irrigation pump sets in Gandhinagar,Installation of irrigation pump sets in Gandhinagar,Maharashtra,Pune,18.514357,73.895207,Irrigation,1651705.03,1621315.74,2024-01-30,2024-08-12,Metro Builders,99.2,/static/demo_images/irrigation_placeholder.jpg
MPL-00160,Upgradation of health centre facilities in Fatehpur,Upgradation of health centre facilities in Fatehpur,Kerala,Kollam,8.895394,76.617014,Healthcare Facility,2724616.63,2622674.7,2024-04-29,2025-02-27,Shree Infra Ltd.,90.5,/static/demo_images/healthcare_facility_placeholder.jpg
MPL-00002,Construction of village playground in Nehrunagar,Construction of village playground in Nehrunagar,Tamil Nadu,Trichy,10.808874,78.769506,Sports Infrastructure,1431457.47,1336843.81,2024-01-14,2024-05-15,Vishwakarma Engineering Works,97.1,/static/demo_images/sports_infrastructure_placeholder.jpg
MPL-00686,Construction of Primary Health Sub-Centre in Mahadevpur,Construction of Primary Health Sub-Centre in Mahadevpur,Tamil Nadu,Salem,11.625192,78.107705,Healthcare Facility,1928399.52,532544.76,2023-11-12,2024-05-03,National Construction Co.,86.8,/static/demo_images/healthcare_facility_placeholder.jpg
MPL-00725,Construction of school boundary wall in Nehrunagar,Construction of school boundary wall in Nehrunagar,West Bengal,Howrah,22.731333,88.366055,School Infrastructure,1102207.3,1106830.44,2023-06-17,2023-07-05,National Infra Ltd.,92.8,/static/demo_images/school_infrastructure_placeholder.jpg
MPL-00432,Building of village community hall at Chandpur,Building of village community hall at Chandpur,Kerala,Thiruvananthapuram,8.583431,76.832559,Community Hall,1910452.86,2004969.57,2023-12-31,2024-06-21,Rapid Nation Builders,92.6,/static/demo_images/community_hall_placeholder.jpg
MPL-00920,Borewell and handpump installation for Vijaynagar,Borewell and handpump installation for Vijaynagar,Maharashtra,Thane,19.238789,73.087447,Drinking Water,752569.05,742388.48,2024-12-03,2025-03-20,Rapid Nation Builders,92.4,/static/demo_images/drinking_water_placeholder.jpg
MPL-00690,"Construction of additional classrooms at Government School, Devipur","Construction of additional classrooms at Government School, Devipur",Uttar Pradesh,Varanasi,25.303224,82.894215,School Infrastructure,1473468.71,443375.35,2023-03-25,2023-07-27,Rapid Nation Builders,87.4,/static/demo_images/school_infrastructure_placeholder.jpg
MPL-00817,Borewell and handpump installation for Devipur,Borewell and handpump installation for Devipur,Karnataka,Hubli,15.269808,75.197799,Drinking Water,927435.43,944447.01,2022-07-06,2022-11-11,Shree Balaji Infra Pvt Ltd,94.8,/static/demo_images/drinking_water_placeholder.jpg
MPL-00894,Repair and widening of village road in Gopalpur,Repair and widening of village road in Gopalpur,Kerala,Kollam,8.913199,76.701858,Road Construction,2083395.19,1816800.02,2019-02-04,2019-09-22,Rapid Nation Builders,92.5,/static/demo_images/road_construction_placeholder.jpg
MPL-00778,Repair and widening of village road in Shivnagar,Repair and widening of village road in Shivnagar,Maharashtra,Thane,19.110405,72.937163,Road Construction,2263694.26,2203757.59,2024-09-25,2025-05-12,Rajdhani Engineering Works,88.7,/static/demo_images/road_construction_placeholder.jpg
MPL-00353,Construction of school boundary wall in Gopalpur,Construction of school boundary wall in Gopalpur,Karnataka,Hubli,15.470138,75.016737,School Infrastructure,1411186.9,1373616.85,2019-08-11,2020-01-07,Progressive Infra Ltd.,91.9,/static/demo_images/school_infrastructure_placeholder.jpg
MPL-00102,Installation of high-mast lighting in Ganeshpur,Installation of high-mast lighting in Ganeshpur,West Bengal,Howrah,22.722696,88.13374,Electrification,859063.13,746221.77,2020-01-31,2020-05-12,Skyline Engineering Works,97.2,/static/demo_images/electrification_placeholder.jpg
MPL-00312,Development of sports ground with boundary wall in Chandpur,Development of sports ground with boundary wall in Chandpur,Kerala,Thrissur,10.643992,76.363042,Sports Infrastructure,1037006.12,1068403.3,2023-01-11,2023-05-23,Prime Construction Co.,87.5,/static/demo_images/sports_infrastructure_placeholder.jpg
MPL-00142,Renovation of panchayat library building in Ganeshpur,Renovation of panchayat library building in Ganeshpur,Uttar Pradesh,Meerut,28.944585,77.650716,Library,790820.79,824117.52,2019-04-17,2019-08-06,Sundar Engineering Works,92.5,/static/demo_images/library_placeholder.jpg
MPL-00023,Construction of school boundary wall in Fatehpur,Construction of school boundary wall in Fatehpur,Kerala,Thiruvananthapuram,8.386022,76.811195,School Infrastructure,2263271.7,2179633.37,2022-07-10,2022-11-29,Rajdhani Infra Ltd.,89.0,/static/demo_images/school_infrastructure_placeholder.jpg
MPL-00835,Construction of community sanitation block in Sundarpur,Construction of community sanitation block in Sundarpur,Karnataka,Hubli,15.451568,75.267568,Sanitation,569394.58,508069.97,2023-09-29,2024-02-01,Shree Balaji Infra Pvt Ltd,89.0,/static/demo_images/sanitation_placeholder.jpg
MPL-00089,Construction of concrete road from Ganeshpur to main highway,Construction of concrete road from Ganeshpur to main highway,Rajasthan,Ajmer,26.557942,74.707165,Road Construction,3475872.93,3626913.34,2023-06-05,2024-01-11,Shree Builders,89.0,/static/demo_images/road_construction_placeholder.jpg
MPL-00043,Construction of irrigation canal near Ashoknagar,Construction of irrigation canal near Ashoknagar,Bihar,Muzaffarpur,26.054879,85.263845,Irrigation,1682883.49,1521903.94,2020-07-20,2021-01-20,Bharat Engineering Works,88.5,/static/demo_images/irrigation_placeholder.jpg
MPL-00137,Construction of Primary Health Sub-Centre in Vijaynagar,Construction of Primary Health Sub-Centre in Vijaynagar,Tamil Nadu,Madurai,10.034939,78.069377,Healthcare Facility,1811187.52,1672819.74,2023-05-03,2024-02-12,Metro Engineering Works,99.6,/static/demo_images/healthcare_facility_placeholder.jpg
MPL-00374,Renovation of primary school building in Gandhinagar,Renovation of primary school building in Gandhinagar,Karnataka,Belagavi,15.822354,74.379675,School Infrastructure,1846928.86,1786116.95,2021-12-06,2022-05-02,Progressive Construction Co.,91.4,/static/demo_images/school_infrastructure_placeholder.jpg
MPL-00152,Construction of Primary Health Sub-Centre in Mahadevpur,Construction of Primary Health Sub-Centre in Mahadevpur,Rajasthan,Jaipur,26.968984,75.684724,Healthcare Facility,2539054.37,2394044.99,2022-10-25,2023-05-31,Bharat Infra Ltd.,89.7,/static/demo_images/healthcare_facility_placeholder.jpg
MPL-00662,Overhead water tank construction in Gopalpur,Overhead water tank construction in Gopalpur,Bihar,Patna,25.514222,85.253447,Drinking Water,695327.79,1217300.36,2020-02-20,2020-06-17,Rajdhani Engineering Works,96.4,/static/demo_images/drinking_water_placeholder.jpg
MPL-00067,Drainage system construction in Narayanpur,Drainage system construction in Narayanpur,West Bengal,Siliguri,26.739094,88.376628,Sanitation,838625.66,862010.38,2019-04-16,2019-07-23,National Engineering Works,88.4,/static/demo_images/sanitation_placeholder.jpg
MPL-00675,Repair and widening of village road in Rampur,Repair and widening of village road in Rampur,Uttar Pradesh,Meerut,28.964085,77.563607,Road Construction,3073885.99,1273593.22,2024-04-23,2024-12-01,Rajdhani Infra Ltd.,99.4,/static/demo_images/road_construction_placeholder.jpg
MPL-00689,Installation of high-mast lighting in Saraswatipur,Installation of high-mast lighting in Saraswatipur,Bihar,Bhagalpur,25.23178,86.930747,Electrification,584327.23,214329.2,2022-01-04,2022-03-31,SuperFast Construction Co.,91.0,/static/demo_images/electrification_placeholder.jpg
MPL-00654,Overhead water tank construction in Shivnagar,Overhead water tank construction in Shivnagar,Bihar,Gaya,24.750095,85.111328,Drinking Water,814060.12,785252.01,2024-01-27,2024-05-02,Metro Engineering Works,96.7,/static/demo_images/drinking_water_placeholder.jpg
MPL-00663,Construction of public toilet complex in Mahadevpur,Construction of public toilet complex in Mahadevpur,Kerala,Thiruvananthapuram,8.627983,76.93673,Sanitation,968017.11,349483.65,2021-10-01,2021-12-31,Progressive Construction Co.,99.3,/static/demo_images/sanitation_placeholder.jpg
MPL-00376,Rural electrification work in Gandhinagar,Rural electrification work in Gandhinagar,Kerala,Thiruvananthapuram,8.594835,77.0431,Electrification,755569.71,755239.4,2024-01-04,2024-04-18,Sundar Construction Co.,86.5,/static/demo_images/electrification_placeholder.jpg
MPL-00795,Construction of public toilet complex in Vijaynagar,Construction of public toilet complex in Vijaynagar,Tamil Nadu,Trichy,10.91115,78.582807,Sanitation,547059.48,485244.82,2024-07-02,2024-10-16,Sundar Engineering Works,94.7,/static/demo_images/sanitation_placeholder.jpg
MPL-00597,Installation of drinking water supply system in Narayanpur,Installation of drinking water supply system in Narayanpur,Rajasthan,Jodhpur,26.335859,73.156449,Drinking Water,856873.03,799113.16,2020-02-16,2020-06-30,Sundar Construction Co.,95.5,/static/demo_images/drinking_water_placeholder.jpg
MPL-00801,Renovation of primary school building in Subhaspur,Renovation of primary school building in Subhaspur,Karnataka,Hubli,15.42073,75.188455,School Infrastructure,2702906.37,2563339.41,2022-02-28,2022-08-13,Shree Balaji Infra Pvt Ltd,90.4,/static/demo_images/school_infrastructure_placeholder.jpg
MPL-00824,Construction of Community Hall in Gandhinagar,Construction of Community Hall in Gandhinagar,Karnataka,Hubli,15.512725,75.124486,Community Hall,2388418.31,2320940.2,2024-11-13,2025-05-29,Shree Balaji Infra Pvt Ltd,99.0,/static/demo_images/community_hall_placeholder.jpg
MPL-00858,Construction of irrigation canal near Lakshmipur,Construction of irrigation canal near Lakshmipur,Karnataka,Bengaluru,12.911226,77.715691,Irrigation,2393366.15,2336506.19,2019-05-09,2019-11-10,Rapid Nation Builders,86.8,/static/demo_images/irrigation_placeholder.jpg
MPL-00813,"Construction of additional classrooms at Government School, Krishnapur","Construction of additional classrooms at Government School, Krishnapur",Karnataka,Hubli,15.385455,75.218113,School Infrastructure,1349491.0,1196303.4,2022-05-11,2022-10-06,Shree Balaji Infra Pvt Ltd,92.1,/static/demo_images/school_infrastructure_placeholder.jpg
MPL-00100,Renovation of panchayat library building in Balrampur,Renovation of panchayat library building in Balrampur,Kerala,Kollam,8.840756,76.762488,Library,1017501.15,957207.17,2023-10-29,2024-02-07,United Construction Co.,96.9,/static/demo_images/library_placeholder.jpg
MPL-00322,Construction of Community Centre in Shivnagar,Construction of Community Centre in Shivnagar,Uttar Pradesh,Agra,27.300068,78.002902,Community Hall,1753415.15,1644059.14,2023-04-05,2023-10-05,Skyline Builders,94.2,/static/demo_images/community_hall_placeholder.jpg
MPL-00064,Construction of Community Hall in Devipur,Construction of Community Hall in Devipur,Maharashtra,Pune,18.535998,73.75366,Community Hall,1512776.36,1494432.78,2024-04-08,2024-09-06,Ganga Builders,85.5,/static/demo_images/community_hall_placeholder.jpg
MPL-00455,Building of village community hall at Gandhinagar,Building of village community hall at Gandhinagar,Karnataka,Bengaluru,12.858663,77.478849,Community Hall,1574097.63,1452244.65,2024-09-26,2025-02-26,Sundar Construction Co.,90.7,/static/demo_images/community_hall_placeholder.jpg
MPL-00058,Construction of Primary Health Sub-Centre in Narayanpur,Construction of Primary Health Sub-Centre in Narayanpur,West Bengal,Durgapur,23.406597,87.219675,Healthcare Facility,1798886.85,1721845.55,2021-01-28,2021-09-17,Prime Construction Co.,88.2,/static/demo_images/healthcare_facility_placeholder.jpg
MPL-00123,"Construction of additional classrooms at Government School, Devipur","Construction of additional classrooms at Government School, Devipur",Bihar,Gaya,24.691984,84.938938,School Infrastructure,2498616.31,2377528.22,2024-11-26,2025-03-20,Om Construction Co.,94.9,/static/demo_images/school_infrastructure_placeholder.jpg
MPL-00430,Construction of link road connecting Nehrunagar,Construction of link road connecting Nehrunagar,Kerala,Thiruvananthapuram,8.464218,77.005837,Road Construction,2587824.13,2240267.65,2019-08-18,2020-03-27,Metro Infra Ltd.,90.2,/static/demo_images/road_construction_placeholder.jpg
MPL-00085,Borewell and handpump installation for Subhaspur,Borewell and handpump installation for Subhaspur,West Bengal,Asansol,23.606244,86.972179,Drinking Water,1028639.59,1027542.82,2024-07-27,2024-12-17,Ganga Construction Co.,96.6,/static/demo_images/drinking_water_placeholder.jpg
MPL-00883,"Construction of additional classrooms at Government School, Ramganj","Construction of additional classrooms at Government School, Ramganj",Rajasthan,Udaipur,24.556208,73.740715,School Infrastructure,2033212.96,1928956.4,2021-10-16,2022-02-11,Rapid Nation Builders,99.4,/static/demo_images/school_infrastructure_placeholder.jpg
MPL-00182,Drainage system construction in Krishnapur,Drainage system construction in Krishnapur,Karnataka,Belagavi,15.988943,74.610066,Sanitation,513092.86,524410.31,2020-04-30,2020-08-04,Sundar Infra Ltd.,99.9,/static/demo_images/sanitation_placeholder.jpg
MPL-00896,Construction of school boundary wall in Ramganj,Construction of school boundary wall in Ramganj,Uttar Pradesh,Varanasi,25.204631,82.97041,School Infrastructure,1089162.45,1002520.78,2019-01-03,2019-06-02,Rapid Nation Builders,85.7,/static/demo_images/school_infrastructure_placeholder.jpg
MPL-00030,Construction of link road connecting Vijaynagar,Construction of link road connecting Vijaynagar,West Bengal,Kolkata,22.68784,88.335813,Road Construction,2685455.32,2365646.24,2021-08-27,2022-02-19,Sundar Construction Co.,99.6,/static/demo_images/road_construction_placeholder.jpg
MPL-00807,Drainage system construction in Nehrunagar,Drainage system construction in Nehrunagar,Karnataka,Hubli,15.31474,75.214642,Sanitation,877767.96,789272.82,2024-12-26,2025-03-20,Shree Balaji Infra Pvt Ltd,92.4,/static/demo_images/sanitation_placeholder.jpg
MPL-00734,Installation of high-mast lighting in Sundarpur,Installation of high-mast lighting in Sundarpur,Uttar Pradesh,Kanpur,26.397558,80.315192,Electrification,724057.81,673397.68,2019-11-30,2023-09-17,Skyline Construction Co.,91.4,/static/demo_images/electrification_placeholder.jpg
MPL-00107,Construction of community sanitation block in Gopalpur,Construction of community sanitation block in Gopalpur,Tamil Nadu,Salem,11.616569,78.107016,Sanitation,925117.18,930082.4,2019-08-04,2019-11-06,Bharat Engineering Works,87.4,/static/demo_images/sanitation_placeholder.jpg
MPL-00714,Construction of concrete road from Chandpur to main highway,Construction of concrete road from Chandpur to main highway,Bihar,Patna,25.62666,85.163111,Road Construction,2161217.08,2113926.17,2021-08-10,2024-09-21,Highway Construction Co.,93.8,/static/demo_images/road_construction_placeholder.jpg
MPL-00178,Construction of link road connecting Sundarpur,Construction of link road connecting Sundarpur,Kerala,Thiruvananthapuram,8.644966,76.847247,Road Construction,2500652.35,2207844.54,2024-11-01,2025-04-22,Cityscape Construction Co.,86.7,/static/demo_images/road_construction_placeholder.jpg
MPL-00503,Construction of Primary Health Sub-Centre in Bhagwanpur,Construction of Primary Health Sub-Centre in Bhagwanpur,West Bengal,Asansol,23.53101,86.829982,Healthcare Facility,3846263.67,3774419.71,2020-05-13,2021-02-22,United Engineering Works,86.3,/static/demo_images/healthcare_facility_placeholder.jpg
MPL-00466,Construction of village playground in Chandpur,Construction of village playground in Chandpur,Bihar,Bhagalpur,25.126651,86.934185,Sports Infrastructure,1095654.26,1055974.38,2019-04-30,2019-08-14,Sundar Infra Ltd.,87.9,/static/demo_images/sports_infrastructure_placeholder.jpg
MPL-00840,Check dam construction for irrigation in Ganeshpur,Check dam construction for irrigation in Ganeshpur,Karnataka,Hubli,15.47399,75.008082,Irrigation,2982954.64,2777958.03,2024-11-02,2025-04-07,Shree Balaji Infra Pvt Ltd,95.8,/static/demo_images/irrigation_placeholder.jpg
MPL-00032,Construction of community sanitation block in Sundarpur,Construction of community sanitation block in Sundarpur,Maharashtra,Nagpur,21.06253,79.183176,Sanitation,742212.26,676183.7,2021-07-21,2021-10-08,Rajdhani Construction Co.,85.4,/static/demo_images/sanitation_placeholder.jpg
MPL-00059,Construction of dispensary building in Tagorepur,Construction of dispensary building in Tagorepur,Bihar,Patna,25.737082,85.144991,Healthcare Facility,2207496.76,1920754.46,2021-01-04,2021-09-09,Ganga Infra Ltd.,85.2,/static/demo_images/healthcare_facility_placeholder.jpg
MPL-00847,Borewell and handpump installation for Subhaspur,Borewell and handpump installation for Subhaspur,Karnataka,Hubli,15.470212,75.037561,Drinking Water,1101504.2,1057793.85,2020-05-24,2020-10-17,Shree Balaji Infra Pvt Ltd,90.3,/static/demo_images/drinking_water_placeholder.jpg
MPL-00558,Upgradation of health centre facilities in Vijaynagar,Upgradation of health centre facilities in Vijaynagar,Bihar,Muzaffarpur,26.096098,85.516872,Healthcare Facility,1907572.86,1704559.88,2024-08-23,2025-04-05,Rajdhani Construction Co.,97.5,/static/demo_images/healthcare_facility_placeholder.jpg
MPL-00045,Borewell and handpump installation for Fatehpur,Borewell and handpump installation for Fatehpur,Kerala,Kozhikode,11.251894,75.913222,Drinking Water,718890.12,667128.11,2021-06-22,2021-11-15,Modern Infra Ltd.,88.3,/static/demo_images/drinking_water_placeholder.jpg
MPL-00905,Check dam construction for irrigation in Gandhinagar,Check dam construction for irrigation in Gandhinagar,Kerala,Thiruvananthapuram,8.633394,76.823033,Irrigation,2250773.22,2143105.62,2024-10-15,2025-04-23,Rapid Nation Builders,87.2,/static/demo_images/irrigation_placeholder.jpg
MPL-00491,Renovation of panchayat library building in Saraswatipur,Renovation of panchayat library building in Saraswatipur,Uttar Pradesh,Lucknow,26.767725,80.946719,Library,909754.03,872666.32,2024-06-02,2024-08-20,Skyline Engineering Works,86.7,/static/demo_images/library_placeholder.jpg
MPL-00661,Construction of Primary Health Sub-Centre in Anandpur,Construction of Primary Health Sub-Centre in Anandpur,Karnataka,Bengaluru,12.837163,77.516487,Healthcare Facility,2992511.55,6249835.7,2020-04-16,2020-10-30,Vishwakarma Infra Ltd.,85.9,/static/demo_images/healthcare_facility_placeholder.jpg
MPL-00892,Construction of school boundary wall in Anandpur,Construction of school boundary wall in Anandpur,Maharashtra,Pune,18.402779,73.788877,School Infrastructure,2208405.07,2117823.55,2024-01-15,2024-07-19,Rapid Nation Builders,99.8,/static/demo_images/school_infrastructure_placeholder.jpg
MPL-00280,Upgradation of health centre facilities in Rampur,Upgradation of health centre facilities in Rampur,Uttar Pradesh,Varanasi,25.245938,82.855318,Healthcare Facility,2354520.5,2419472.9,2020-10-21,2021-05-23,National Builders,93.2,/static/demo_images/healthcare_facility_placeholder.jpg
MPL-00742,Setting up of reading room and library in Fatehpur,Setting up of reading room and library in Fatehpur,Bihar,Muzaffarpur,26.012321,85.237332,Library,1138815.63,1150498.0,2019-05-21,2019-08-26,Rapid Nation Builders,89.6,/static/demo_images/library_placeholder.jpg
MPL-00515,Overhead water tank construction in Devipur,Overhead water tank construction in Devipur,Kerala,Kollam,8.937836,76.46841,Drinking Water,986129.16,1016632.57,2020-11-30,2021-04-02,National Construction Co.,97.3,/static/demo_images/drinking_water_placeholder.jpg
MPL-00260,"Construction of additional classrooms at Government School, Krishnapur","Construction of additional classrooms at Government School, Krishnapur",West Bengal,Durgapur,23.411234,87.392944,School Infrastructure,1276151.1,1111695.49,2024-01-16,2024-05-03,Cityscape Engineering Works,89.7,/static/demo_images/school_infrastructure_placeholder.jpg
MPL-00378,Repair and widening of village road in Krishnapur,Repair and widening of village road in Krishnapur,Rajasthan,Udaipur,24.501931,73.586512,Road Construction,1403061.74,1300449.1,2023-06-30,2023-12-14,Highway Infra Ltd.,89.3,/static/demo_images/road_construction_placeholder.jpg
MPL-00676,Construction of school boundary wall in Krishnapur,Construction of school boundary wall in Krishnapur,Bihar,Muzaffarpur,26.15837,85.46983,School Infrastructure,2205627.76,5884836.49,2019-12-17,2020-04-30,Om Engineering Works,98.8,/static/demo_images/school_infrastructure_placeholder.jpg
MPL-00337,Installation of drinking water supply system in Indranagar,Installation of drinking water supply system in Indranagar,Rajasthan,Udaipur,24.442982,73.606098,Drinking Water,1016203.34,904401.14,2022-03-19,2022-07-17,Vishwakarma Construction Co.,87.2,/static/demo_images/drinking_water_placeholder.jpg
MPL-00318,Construction of link road connecting Fatehpur,Construction of link road connecting Fatehpur,Maharashtra,Pune,18.518631,73.991534,Road Construction,3034957.69,2625267.67,2020-02-19,2020-08-13,Vishwakarma Construction Co.,94.7,/static/demo_images/road_construction_placeholder.jpg
MPL-00684,Borewell and handpump installation for Krishnapur,Borewell and handpump installation for Krishnapur,Karnataka,Mangaluru,12.773105,74.740557,Drinking Water,712460.97,1382830.5,2023-01-14,2023-05-17,Om Builders,99.6,/static/demo_images/drinking_water_placeholder.jpg
MPL-00200,Renovation of panchayat library building in Devipur,Renovation of panchayat library building in Devipur,Rajasthan,Ajmer,26.367657,74.695112,Library,1303080.39,1277992.37,2019-05-10,2019-09-20,National Engineering Works,91.1,/static/demo_images/library_placeholder.jpg
MPL-00539,Construction of irrigation canal near Ganeshpur,Construction of irrigation canal near Ganeshpur,Maharashtra,Aurangabad,19.882406,75.381483,Irrigation,1697021.94,1771546.52,2022-11-21,2023-05-24,Reliable Builders,91.7,/static/demo_images/irrigation_placeholder.jpg
MPL-00370,Construction of open gymnasium in Indranagar,Construction of open gymnasium in Indranagar,Tamil Nadu,Madurai,9.901139,78.014668,Sports Infrastructure,765928.43,723935.51,2019-06-09,2019-10-09,Progressive Construction Co.,92.5,/static/demo_images/sports_infrastructure_placeholder.jpg
MPL-00588,Construction of public toilet complex in Devipur,Construction of public toilet complex in Devipur,West Bengal,Kolkata,22.467589,88.222211,Sanitation,977931.33,891979.1,2024-06-11,2024-10-01,Progressive Engineering Works,99.9,/static/demo_images/sanitation_placeholder.jpg
MPL-00201,Construction of village playground in Saraswatipur,Construction of village playground in Saraswatipur,Karnataka,Belagavi,15.890724,74.558554,Sports Infrastructure,750954.73,765272.4,2020-01-26,2020-05-24,Highway Engineering Works,98.8,/static/demo_images/sports_infrastructure_placeholder.jpg
MPL-00691,Construction of Community Centre in Krishnapur,Construction of Community Centre in Krishnapur,Maharashtra,Pune,18.503752,73.812172,Community Hall,1775943.34,556587.9,2024-03-30,2024-09-05,Reliable Engineering Works,91.1,/static/demo_images/community_hall_placeholder.jpg
MPL-00688,Building of village community hall at Indranagar,Building of village community hall at Indranagar,West Bengal,Durgapur,23.63615,87.224671,Community Hall,1022111.55,387394.91,2019-09-23,2020-02-28,Sundar Builders,92.6,/static/demo_images/community_hall_placeholder.jpg
MPL-00384,Installation of high-mast lighting in Mahadevpur,Installation of high-mast lighting in Mahadevpur,West Bengal,Kolkata,22.560816,88.389948,Electrification,376410.42,328701.78,2019-10-04,2019-12-23,Apex Construction Co.,94.5,/static/demo_images/electrification_placeholder.jpg
MPL-00825,Installation of solar street lights in Mahadevpur,Installation of solar street lights in Mahadevpur,Karnataka,Hubli,15.316406,75.082095,Electrification,873571.53,817820.45,2023-05-07,2023-08-23,Shree Balaji Infra Pvt Ltd,88.6,/static/demo_images/electrification_placeholder.jpg
MPL-00196,Building of village community hall at Ganeshpur,Building of village community hall at Ganeshpur,Karnataka,Hubli,15.378664,75.029214,Community Hall,2234046.79,2341425.6,2019-08-29,2020-01-12,Highway Engineering Works,85.5,/static/demo_images/community_hall_placeholder.jpg
MPL-00589,Installation of drinking water supply system in Bhagwanpur,Installation of drinking water supply system in Bhagwanpur,Rajasthan,Udaipur,24.517214,73.571243,Drinking Water,1111735.87,1006737.31,2019-06-22,2019-09-25,Modern Infra Ltd.,96.7,/static/demo_images/drinking_water_placeholder.jpg
MPL-00219,Rural electrification work in Ramganj,Rural electrification work in Ramganj,Maharashtra,Aurangabad,19.8628,75.25536,Electrification,649755.6,614170.11,2022-07-30,2022-10-08,National Construction Co.,89.5,/static/demo_images/electrification_placeholder.jpg
MPL-00733,Renovation of panchayat library building in Shivnagar,Renovation of panchayat library building in Shivnagar,Uttar Pradesh,Kanpur,26.38374,80.391679,Library,1273546.58,1176357.12,2024-04-30,2024-05-15,Highway Builders,91.2,/static/demo_images/library_placeholder.jpg
MPL-00355,Construction of link road connecting Ramganj,Construction of link road connecting Ramganj,West Bengal,Kolkata,22.443543,88.27195,Road Construction,2388894.71,2187437.35,2020-09-16,2021-03-18,Shree Balaji Infra Pvt Ltd,93.5,/static/demo_images/road_construction_placeholder.jpg
MPL-00478,Construction of village public library in Ganeshpur,Construction of village public library in Ganeshpur,Rajasthan,Ajmer,26.543755,74.765807,Library,961448.31,904835.19,2024-03-21,2024-07-20,Modern Construction Co.,88.5,/static/demo_images/library_placeholder.jpg
MPL-00375,Renovation of panchayat library building in Narayanpur,Renovation of panchayat library building in Narayanpur,Karnataka,Mangaluru,12.883336,74.767108,Library,1036894.45,996987.01,2024-06-04,2024-10-01,Vishwakarma Construction Co.,99.8,/static/demo_images/library_placeholder.jpg
MPL-00860,"Construction of additional classrooms at Government School, Vijaynagar","Construction of additional classrooms at Government School, Vijaynagar",Maharashtra,Aurangabad,19.995772,75.202149,School Infrastructure,1329417.04,1152190.53,2020-06-02,2020-11-20,Rapid Nation Builders,89.0,/static/demo_images/school_infrastructure_placeholder.jpg
MPL-00643,Construction of village playground in Nehrunagar,Construction of village playground in Nehrunagar,West Bengal,Durgapur,23.580489,87.295757,Sports Infrastructure,885646.93,849233.61,2022-11-15,2023-03-31,Apex Engineering Works,96.6,/static/demo_images/sports_infrastructure_placeholder.jpg
MPL-00357,Check dam construction for irrigation in Mahadevpur,Check dam construction for irrigation in Mahadevpur,Karnataka,Mysuru,12.253422,76.581042,Irrigation,2188176.47,1936873.23,2020-07-27,2020-12-28,Progressive Construction Co.,87.9,/static/demo_images/irrigation_placeholder.jpg
MPL-00829,Construction of village public library in Saraswatipur,Construction of village public library in Saraswatipur,Karnataka,Hubli,15.323742,75.059988,Library,908129.91,884461.05,2024-09-30,2025-01-10,Shree Balaji Infra Pvt Ltd,97.7,/static/demo_images/library_placeholder.jpg
MPL-00572,Construction of irrigation canal near Saraswatipur,Construction of irrigation canal near Saraswatipur,West Bengal,Howrah,22.634311,88.153983,Irrigation,1329246.44,1143910.25,2019-10-07,2020-04-21,Modern Engineering Works,95.2,/static/demo_images/irrigation_placeholder.jpg
MPL-00124,Construction of Community Centre in Nehrunagar,Construction of Community Centre in Nehrunagar,Kerala,Kollam,8.789476,76.518354,Community Hall,1939268.46,1890686.09,2020-11-09,2021-04-27,Cityscape Construction Co.,85.7,/static/demo_images/community_hall_placeholder.jpg
MPL-00257,Installation of high-mast lighting in Rampur,Installation of high-mast lighting in Rampur,Uttar Pradesh,Lucknow,26.809582,81.017625,Electrification,544506.38,485176.35,2019-09-03,2019-12-16,Bharat Infra Ltd.,95.7,/static/demo_images/electrification_placeholder.jpg
MPL-00793,Construction of Primary Health Sub-Centre in Lakshmipur,Construction of Primary Health Sub-Centre in Lakshmipur,Tamil Nadu,Trichy,10.931981,78.715917,Healthcare Facility,3946905.97,3969155.46,2023-04-14,2023-12-13,Vishwakarma Construction Co.,98.1,/static/demo_images/healthcare_facility_placeholder.jpg
MPL-00453,Check dam construction for irrigation in Lakshmipur,Check dam construction for irrigation in Lakshmipur,West Bengal,Asansol,23.612226,87.07811,Irrigation,2450910.62,2526239.67,2020-01-06,2020-06-11,Highway Construction Co.,86.7,/static/demo_images/irrigation_placeholder.jpg
MPL-00605,Borewell and handpump installation for Ramganj,Borewell and handpump installation for Ramganj,Maharashtra,Aurangabad,19.796846,75.328593,Drinking Water,678654.37,655974.16,2024-04-04,2024-07-28,Bharat Builders,98.1,/static/demo_images/drinking_water_placeholder.jpg
MPL-00448,Repair and widening of village road in Gandhinagar,Repair and widening of village road in Gandhinagar,Karnataka,Hubli,15.254926,75.227841,Road Construction,2351279.7,2304051.22,2021-01-23,2021-07-25,Apex Builders,92.4,/static/demo_images/road_construction_placeholder.jpg
MPL-00622,Construction of public toilet complex in Gopalpur,Construction of public toilet complex in Gopalpur,Bihar,Bhagalpur,25.231897,87.050293,Sanitation,988977.33,910938.64,2019-12-01,2020-03-18,Highway Construction Co.,85.2,/static/demo_images/sanitation_placeholder.jpg
MPL-00285,Construction of public toilet complex in Vijaynagar,Construction of public toilet complex in Vijaynagar,Karnataka,Mangaluru,12.897833,74.784989,Sanitation,745540.57,667444.04,2020-02-01,2020-05-10,National Infra Ltd.,95.0,/static/demo_images/sanitation_placeholder.jpg
MPL-00738,Construction of community sanitation block in Narayanpur,Construction of community sanitation block in Narayanpur,Karnataka,Bengaluru,13.041239,77.64798,Sanitation,956436.17,927873.05,2022-11-06,2023-01-15,Progressive Engineering Works,98.7,/static/demo_images/sanitation_placeholder.jpg
MPL-00220,Overhead water tank construction in Chandpur,Overhead water tank construction in Chandpur,Maharashtra,Nashik,19.880309,73.879815,Drinking Water,1223937.96,1221609.9,2024-10-14,2025-02-21,Sundar Infra Ltd.,93.3,/static/demo_images/drinking_water_placeholder.jpg
MPL-00081,Installation of irrigation pump sets in Lakshmipur,Installation of irrigation pump sets in Lakshmipur,Maharashtra,Nagpur,21.08564,78.946884,Irrigation,1756311.87,1512577.66,2021-09-27,2022-03-25,Highway Engineering Works,91.2,/static/demo_images/irrigation_placeholder.jpg
MPL-00544,Installation of high-mast lighting in Mahadevpur,Installation of high-mast lighting in Mahadevpur,Maharashtra,Aurangabad,20.01884,75.353393,Electrification,432894.01,370117.9,2024-08-07,2024-11-20,Bharat Infra Ltd.,99.2,/static/demo_images/electrification_placeholder.jpg
MPL-00325,Building of village community hall at Balrampur,Building of village community hall at Balrampur,Karnataka,Belagavi,15.71607,74.54072,Community Hall,1135391.06,1157836.74,2019-11-03,2020-06-02,Modern Infra Ltd.,89.8,/static/demo_images/community_hall_placeholder.jpg
MPL-00638,Construction of Community Centre in Ashoknagar,Construction of Community Centre in Ashoknagar,Maharashtra,Nagpur,21.096182,78.979532,Community Hall,2172892.64,2037785.85,2023-08-30,2024-03-30,Shree Construction Co.,88.7,/static/demo_images/community_hall_placeholder.jpg
MPL-00683,Construction of irrigation canal near Devipur,Construction of irrigation canal near Devipur,Uttar Pradesh,Varanasi,25.35923,83.031866,Irrigation,2026419.84,5649361.95,2022-09-19,2023-02-15,Apex Construction Co.,88.1,/static/demo_images/irrigation_placeholder.jpg
MPL-00364,Development of sports ground with boundary wall in Narayanpur,Development of sports ground with boundary wall in Narayanpur,Uttar Pradesh,Meerut,29.126302,77.62327,Sports Infrastructure,1106426.42,1121304.93,2022-11-14,2023-03-15,Modern Infra Ltd.,96.9,/static/demo_images/sports_infrastructure_placeholder.jpg
MPL-00692,Borewell and handpump installation for Lakshmipur,Borewell and handpump installation for Lakshmipur,Karnataka,Belagavi,15.769837,74.541306,Drinking Water,767274.35,1482151.49,2024-08-17,2024-12-01,Highway Builders,93.2,/static/demo_images/drinking_water_placeholder.jpg
MPL-00395,Check dam construction for irrigation in Tagorepur,Check dam construction for irrigation in Tagorepur,Maharashtra,Nagpur,21.073731,79.046292,Irrigation,2199233.83,2225631.62,2022-12-09,2023-06-09,Prime Builders,93.7,/static/demo_images/irrigation_placeholder.jpg
MPL-00886,Renovation of panchayat library building in Saraswatipur,Renovation of panchayat library building in Saraswatipur,Bihar,Bhagalpur,25.184097,87.1062,Library,754757.54,689110.62,2019-10-12,2020-02-20,Rapid Nation Builders,87.5,/static/demo_images/library_placeholder.jpg
MPL-00403,Upgradation of health centre facilities in Vijaynagar,Upgradation of health centre facilities in Vijaynagar,Bihar,Darbhanga,26.1661,85.983212,Healthcare Facility,2604650.76,2404500.71,2019-01-01,2019-08-27,Highway Infra Ltd.,97.2,/static/demo_images/healthcare_facility_placeholder.jpg
MPL-00574,Check dam construction for irrigation in Indranagar,Check dam construction for irrigation in Indranagar,Bihar,Gaya,24.808231,85.093044,Irrigation,2167005.08,1849612.68,2019-05-10,2019-10-26,Reliable Engineering Works,98.2,/static/demo_images/irrigation_placeholder.jpg
MPL-00247,Drainage system construction in Gopalpur,Drainage system construction in Gopalpur,Bihar,Bhagalpur,25.213183,87.026361,Sanitation,796358.75,701222.62,2021-04-12,2021-07-26,Bharat Engineering Works,93.0,/static/demo_images/sanitation_placeholder.jpg
MPL-00874,Repair and widening of village road in Sundarpur,Repair and widening of village road in Sundarpur,Uttar Pradesh,Varanasi,25.190113,82.922699,Road Construction,2668051.39,2701394.31,2022-01-10,2022-08-03,Rapid Nation Builders,95.5,/static/demo_images/road_construction_placeholder.jpg
MPL-00513,Construction of village playground in Mahadevpur,Construction of village playground in Mahadevpur,Bihar,Gaya,24.656613,84.867016,Sports Infrastructure,1526556.39,1310644.69,2024-11-12,2025-04-17,Cityscape Infra Ltd.,99.1,/static/demo_images/sports_infrastructure_placeholder.jpg
MPL-00848,Installation of irrigation pump sets in Gopalpur,Installation of irrigation pump sets in Gopalpur,Karnataka,Hubli,15.42585,75.196346,Irrigation,1154449.76,1067783.79,2021-07-06,2022-03-01,Shree Balaji Infra Pvt Ltd,92.6,/static/demo_images/irrigation_placeholder.jpg
MPL-00335,Construction of school boundary wall in Nehrunagar,Construction of school boundary wall in Nehrunagar,Tamil Nadu,Madurai,9.862374,78.073388,School Infrastructure,2290272.68,2396236.95,2024-08-25,2024-12-19,Progressive Builders,95.4,/static/demo_images/school_infrastructure_placeholder.jpg
MPL-00699,Construction of concrete road from Lakshmipur to main highway,Construction of concrete road from Lakshmipur to main highway,West Bengal,Siliguri,26.779566,88.298591,Road Construction,3138244.62,3046208.64,2023-04-30,2023-05-07,Ganga Construction Co.,88.1,/static/demo_images/road_construction_placeholder.jpg
MPL-00747,Installation of drinking water supply system in Vijaynagar,Installation of drinking water supply system in Vijaynagar,Tamil Nadu,Madurai,10.032042,78.000384,Drinking Water,1108399.4,1132436.32,2020-11-20,2021-02-11,Om Engineering Works,86.4,/static/demo_images/drinking_water_placeholder.jpg
MPL-00451,Renovation of panchayat library building in Tagorepur,Renovation of panchayat library building in Tagorepur,Rajasthan,Jaipur,26.940542,75.794869,Library,1328204.67,1338012.1,2019-06-23,2019-09-23,Rajdhani Engineering Works,92.8,/static/demo_images/library_placeholder.jpg
MPL-00524,Construction of irrigation canal near Indranagar,Construction of irrigation canal near Indranagar,Uttar Pradesh,Kanpur,26.321158,80.25249,Irrigation,1985159.7,1917569.69,2023-09-13,2024-03-22,Prime Builders,96.2,/static/demo_images/irrigation_placeholder.jpg
MPL-00141,Installation of drinking water supply system in Ganeshpur,Installation of drinking water supply system in Ganeshpur,Rajasthan,Kota,25.134599,75.908349,Drinking Water,769720.47,800427.25,2024-01-17,2024-05-26,Skyline Engineering Works,90.6,/static/demo_images/drinking_water_placeholder.jpg
MPL-00054,Drainage system construction in Tagorepur,Drainage system construction in Tagorepur,Rajasthan,Ajmer,26.380419,74.745414,Sanitation,1001511.71,868643.73,2024-01-21,2024-05-09,Rajdhani Engineering Works,96.3,/static/demo_images/sanitation_placeholder.jpg
MPL-00649,Construction of public toilet complex in Krishnapur,Construction of public toilet complex in Krishnapur,Rajasthan,Udaipur,24.454058,73.829053,Sanitation,753377.15,707596.54,2024-10-26,2025-01-21,Apex Infra Ltd.,98.1,/static/demo_images/sanitation_placeholder.jpg
MPL-00853,Construction of Primary Health Sub-Centre in Balrampur,Construction of Primary Health Sub-Centre in Balrampur,Karnataka,Hubli,15.49931,75.035129,Healthcare Facility,1733163.52,1624813.43,2019-04-24,2019-11-16,Shree Balaji Infra Pvt Ltd,94.3,/static/demo_images/healthcare_facility_placeholder.jpg
MPL-00001,Borewell and handpump installation for Tagorepur,Borewell and handpump installation for Tagorepur,Maharashtra,Nashik,19.920968,73.681661,Drinking Water,561996.14,560947.2,2019-05-11,2019-08-15,Shree Engineering Works,86.4,/static/demo_images/drinking_water_placeholder.jpg
MPL-00487,Overhead water tank construction in Gandhinagar,Overhead water tank construction in Gandhinagar,Uttar Pradesh,Agra,27.272926,77.965873,Drinking Water,1168998.27,1196044.13,2023-06-03,2023-10-03,Metro Construction Co.,95.7,/static/demo_images/drinking_water_placeholder.jpg
MPL-00694,Upgradation of health centre facilities in Rampur,Upgradation of health centre facilities in Rampur,Bihar,Darbhanga,26.088754,85.84579,Healthcare Facility,3992105.84,1757715.3,2019-02-18,2019-12-14,Modern Construction Co.,94.8,/static/demo_images/healthcare_facility_placeholder.jpg
MPL-00147,Development of sports ground with boundary wall in Gopalpur,Development of sports ground with boundary wall in Gopalpur,Bihar,Patna,25.691102,85.009725,Sports Infrastructure,1729617.7,1692375.08,2022-11-12,2023-02-22,Bharat Construction Co.,98.2,/static/demo_images/sports_infrastructure_placeholder.jpg
MPL-00151,Construction of Primary Health Sub-Centre in Ashoknagar,Construction of Primary Health Sub-Centre in Ashoknagar,Kerala,Thiruvananthapuram,8.604188,76.911576,Healthcare Facility,3097477.98,2941388.67,2022-05-22,2022-12-27,Modern Builders,88.7,/static/demo_images/healthcare_facility_placeholder.jpg
MPL-00094,Development of sports ground with boundary wall in Ashoknagar,Development of sports ground with boundary wall in Ashoknagar,Karnataka,Mangaluru,12.782265,74.788764,Sports Infrastructure,1725027.56,1793687.38,2024-02-06,2024-06-19,National Engineering Works,94.9,/static/demo_images/sports_infrastructure_placeholder.jpg
MPL-00645,Upgradation of health centre facilities in Indranagar,Upgradation of health centre facilities in Indranagar,Kerala,Kochi,10.008314,76.165308,Healthcare Facility,1569728.06,1584357.52,2022-05-29,2023-01-01,Reliable Infra Ltd.,99.8,/static/demo_images/healthcare_facility_placeholder.jpg
MPL-00809,"Construction of additional classrooms at Government School, Vijaynagar","Construction of additional classrooms at Government School, Vijaynagar",Karnataka,Hubli,15.275684,75.229179,School Infrastructure,1732317.2,1636667.77,2022-12-01,2023-05-07,Shree Balaji Infra Pvt Ltd,90.4,/static/demo_images/school_infrastructure_placeholder.jpg
MPL-00003,Construction of Community Centre in Gandhinagar,Construction of Community Centre in Gandhinagar,Uttar Pradesh,Lucknow,26.798775,80.842844,Community Hall,2335819.61,2142691.5,2022-11-09,2023-05-18,Vishwakarma Builders,97.1,/static/demo_images/community_hall_placeholder.jpg
MPL-00173,Borewell and handpump installation for Tagorepur,Borewell and handpump installation for Tagorepur,Tamil Nadu,Coimbatore,11.10403,76.976134,Drinking Water,1085826.2,961063.67,2023-10-18,2024-03-09,Highway Builders,89.9,/static/demo_images/drinking_water_placeholder.jpg
MPL-00763,Installation of solar street lights in Tagorepur,Installation of solar street lights in Tagorepur,Tamil Nadu,Coimbatore,11.1572,76.965305,Electrification,716770.19,731052.56,2019-02-08,2019-05-02,Highway Builders,95.7,/static/demo_images/electrification_placeholder.jpg
MPL-00941,Construction of dispensary building in Chandpur,Construction of dispensary building in Chandpur,Bihar,Darbhanga,26.12258,85.926464,Healthcare Facility,2404237.17,2360590.62,2019-02-20,2019-10-31,SuperFast Construction Co.,86.9,/static/demo_images/healthcare_facility_placeholder.jpg
MPL-00284,Construction of concrete road from Saraswatipur to main highway,Construction of concrete road from Saraswatipur to main highway,West Bengal,Asansol,23.616406,86.92164,Road Construction,2396012.99,2353383.15,2020-01-09,2020-07-11,Progressive Builders,90.8,/static/demo_images/road_construction_placeholder.jpg
MPL-00701,"Construction of additional classrooms at Government School, Ganeshpur","Construction of additional classrooms at Government School, Ganeshpur",Karnataka,Belagavi,15.792627,74.593069,School Infrastructure,2276626.76,2007429.87,2021-04-11,2021-04-22,Highway Construction Co.,95.8,/static/demo_images/school_infrastructure_placeholder.jpg
MPL-00648,Construction of Community Centre in Gandhinagar,Construction of Community Centre in Gandhinagar,Kerala,Thiruvananthapuram,8.53,76.86089,Community Hall,1391770.44,1345109.68,2023-01-19,2023-06-24,Cityscape Infra Ltd.,86.5,/static/demo_images/community_hall_placeholder.jpg
MPL-00590,Construction of link road connecting Chandpur,Construction of link road connecting Chandpur,Uttar Pradesh,Agra,27.116094,77.877175,Road Construction,3421194.65,3521622.62,2020-01-05,2020-07-18,Apex Infra Ltd.,99.1,/static/demo_images/road_construction_placeholder.jpg
MPL-00677,Construction of Community Centre in Sundarpur,Construction of Community Centre in Sundarpur,Uttar Pradesh,Meerut,28.850937,77.739622,Community Hall,1547758.48,459099.83,2023-04-12,2023-10-17,Apex Engineering Works,86.4,/static/demo_images/community_hall_placeholder.jpg
MPL-00393,Construction of public toilet complex in Anandpur,Construction of public toilet complex in Anandpur,Kerala,Kochi,9.824953,76.405044,Sanitation,524683.64,530525.3,2024-10-18,2025-02-02,Progressive Construction Co.,95.8,/static/demo_images/sanitation_placeholder.jpg
MPL-00602,Construction of Primary Health Sub-Centre in Gandhinagar,Construction of Primary Health Sub-Centre in Gandhinagar,Tamil Nadu,Madurai,9.790135,78.155201,Healthcare Facility,3000981.83,2640414.58,2023-02-16,2023-09-19,Sundar Builders,99.2,/static/demo_images/healthcare_facility_placeholder.jpg
MPL-00535,Setting up of reading room and library in Sundarpur,Setting up of reading room and library in Sundarpur,Rajasthan,Ajmer,26.40983,74.684352,Library,1174386.29,1129937.7,2022-10-03,2023-01-22,Rajdhani Infra Ltd.,93.1,/static/demo_images/library_placeholder.jpg
MPL-00130,Construction of irrigation canal near Nehrunagar,Construction of irrigation canal near Nehrunagar,Bihar,Patna,25.715857,84.993301,Irrigation,1549744.01,1363625.84,2024-12-01,2025-06-25,Reliable Infra Ltd.,86.7,/static/demo_images/irrigation_placeholder.jpg
MPL-00907,"Construction of additional classrooms at Government School, Shivnagar","Construction of additional classrooms at Government School, Shivnagar",Kerala,Kollam,8.743211,76.645237,School Infrastructure,1297861.95,1128325.78,2024-09-02,2025-02-06,Rapid Nation Builders,91.7,/static/demo_images/school_infrastructure_placeholder.jpg
MPL-00712,"Construction of additional classrooms at Government School, Mahadevpur","Construction of additional classrooms at Government School, Mahadevpur",Karnataka,Belagavi,15.719505,74.592225,School Infrastructure,2249900.99,2078449.52,2019-10-03,2023-08-14,Prime Engineering Works,91.2,/static/demo_images/school_infrastructure_placeholder.jpg
MPL-00270,Renovation of primary school building in Fatehpur,Renovation of primary school building in Fatehpur,Uttar Pradesh,Agra,27.133141,78.109867,School Infrastructure,2601397.62,2302809.39,2022-07-26,2023-01-11,Skyline Builders,98.7,/static/demo_images/school_infrastructure_placeholder.jpg
MPL-00183,Construction of open gymnasium in Ganeshpur,Construction of open gymnasium in Ganeshpur,Rajasthan,Jaipur,27.056017,75.887746,Sports Infrastructure,1491797.36,1559969.72,2023-10-04,2024-01-11,Progressive Construction Co.,90.7,/static/demo_images/sports_infrastructure_placeholder.jpg
MPL-00287,Upgradation of health centre facilities in Krishnapur,Upgradation of health centre facilities in Krishnapur,Bihar,Patna,25.714933,85.201892,Healthcare Facility,2755253.68,2838162.05,2020-08-26,2021-05-09,United Engineering Works,99.2,/static/demo_images/healthcare_facility_placeholder.jpg
MPL-00222,Installation of drinking water supply system in Gandhinagar,Installation of drinking water supply system in Gandhinagar,Karnataka,Belagavi,15.761435,74.573398,Drinking Water,1126983.83,972037.92,2020-02-21,2020-06-21,Progressive Construction Co.,87.8,/static/demo_images/drinking_water_placeholder.jpg
MPL-00106,Installation of solar street lights in Vijaynagar,Installation of solar street lights in Vijaynagar,West Bengal,Siliguri,26.631522,88.288275,Electrification,754406.78,651744.91,2019-05-06,2019-08-09,National Engineering Works,96.2,/static/demo_images/electrification_placeholder.jpg
MPL-00157,Installation of drinking water supply system in Anandpur,Installation of drinking water supply system in Anandpur,Karnataka,Mangaluru,12.935184,74.764397,Drinking Water,922578.34,797759.35,2022-02-19,2022-05-19,United Engineering Works,86.9,/static/demo_images/drinking_water_placeholder.jpg
MPL-00607,Installation of irrigation pump sets in Vijaynagar,Installation of irrigation pump sets in Vijaynagar,West Bengal,Kolkata,22.704397,88.504063,Irrigation,2276640.93,2275840.39,2023-04-10,2023-11-18,Ganga Infra Ltd.,99.7,/static/demo_images/irrigation_placeholder.jpg
MPL-00745,Construction of public toilet complex in Krishnapur,Construction of public toilet complex in Krishnapur,Rajasthan,Jaipur,26.980426,75.722009,Sanitation,1066144.65,1055719.6,2022-08-17,2022-11-18,SuperFast Construction Co.,98.0,/static/demo_images/sanitation_placeholder.jpg
MPL-00845,Construction of community sanitation block in Ashoknagar,Construction of community sanitation block in Ashoknagar,Karnataka,Hubli,15.425328,75.25537,Sanitation,1054117.94,916919.23,2020-01-03,2020-05-06,Shree Balaji Infra Pvt Ltd,94.7,/static/demo_images/sanitation_placeholder.jpg
MPL-00911,Construction of Community Centre in Rampur,Construction of Community Centre in Rampur,Rajasthan,Udaipur,24.572525,73.731763,Community Hall,916529.47,834548.03,2023-12-26,2024-05-19,Rapid Nation Builders,85.6,/static/demo_images/community_hall_placeholder.jpg
MPL-00796,Construction of community sanitation block in Vijaynagar,Construction of community sanitation block in Vijaynagar,Tamil Nadu,Trichy,10.909972,78.582087,Sanitation,992249.44,979819.89,2021-02-08,2021-05-11,Apex Engineering Works,87.2,/static/demo_images/sanitation_placeholder.jpg
MPL-00261,Construction of village playground in Vijaynagar,Construction of village playground in Vijaynagar,Maharashtra,Nashik,19.983075,73.778804,Sports Infrastructure,1597730.4,1386964.48,2019-06-15,2019-10-28,Prime Engineering Works,97.5,/static/demo_images/sports_infrastructure_placeholder.jpg
MPL-00788,Construction of community sanitation block in Indranagar,Construction of community sanitation block in Indranagar,Bihar,Patna,25.685836,85.036095,Sanitation,779441.39,674214.55,2023-11-29,2024-04-13,Vishwakarma Infra Ltd.,90.8,/static/demo_images/sanitation_placeholder.jpg
MPL-00674,Construction of community sanitation block in Bhagwanpur,Construction of community sanitation block in Bhagwanpur,Uttar Pradesh,Lucknow,26.721243,80.967746,Sanitation,437760.36,873362.37,2023-10-02,2023-12-09,National Builders,98.8,/static/demo_images/sanitation_placeholder.jpg
MPL-00377,Drainage system construction in Chandpur,Drainage system construction in Chandpur,Bihar,Bhagalpur,25.276708,87.039569,Sanitation,456436.96,423491.68,2020-08-18,2020-11-08,Modern Construction Co.,98.9,/static/demo_images/sanitation_placeholder.jpg
MPL-00314,Construction of village playground in Nehrunagar,Construction of village playground in Nehrunagar,West Bengal,Howrah,22.623977,88.127988,Sports Infrastructure,778924.8,792341.0,2019-07-17,2019-12-10,United Infra Ltd.,91.3,/static/demo_images/sports_infrastructure_placeholder.jpg
MPL-00599,Construction of irrigation canal near Ashoknagar,Construction of irrigation canal near Ashoknagar,Tamil Nadu,Coimbatore,10.867723,76.865823,Irrigation,1720540.32,1660599.91,2020-06-16,2021-01-19,Reliable Construction Co.,96.9,/static/demo_images/irrigation_placeholder.jpg
MPL-00437,Construction of concrete road from Tagorepur to main highway,Construction of concrete road from Tagorepur to main highway,Maharashtra,Pune,18.443314,73.893001,Road Construction,1644889.57,1672012.07,2020-03-31,2020-10-20,Ganga Engineering Works,91.8,/static/demo_images/road_construction_placeholder.jpg
MPL-00830,Installation of solar street lights in Vijaynagar,Installation of solar street lights in Vijaynagar,Karnataka,Hubli,15.41936,75.125783,Electrification,517696.46,530694.42,2019-06-24,2019-09-08,Shree Balaji Infra Pvt Ltd,94.3,/static/demo_images/electrification_placeholder.jpg
MPL-00282,Drainage system construction in Gandhinagar,Drainage system construction in Gandhinagar,Tamil Nadu,Madurai,9.991811,78.188792,Sanitation,605685.34,548935.42,2021-08-30,2021-11-28,United Construction Co.,85.7,/static/demo_images/sanitation_placeholder.jpg
MPL-00198,Overhead water tank construction in Balrampur,Overhead water tank construction in Balrampur,Uttar Pradesh,Kanpur,26.423302,80.186918,Drinking Water,1057754.18,1012426.9,2022-03-20,2022-08-06,Shree Infra Ltd.,92.5,/static/demo_images/drinking_water_placeholder.jpg
MPL-00015,Construction of dispensary building in Anandpur,Construction of dispensary building in Anandpur,Tamil Nadu,Madurai,9.970163,78.10123,Healthcare Facility,2793939.6,2442464.34,2021-07-31,2022-04-02,Rajdhani Construction Co.,85.1,/static/demo_images/healthcare_facility_placeholder.jpg
MPL-00644,Construction of link road connecting Sundarpur,Construction of link road connecting Sundarpur,West Bengal,Siliguri,26.677448,88.46283,Road Construction,2948114.89,2580193.48,2022-03-08,2022-08-20,Prime Engineering Works,86.4,/static/demo_images/road_construction_placeholder.jpg
MPL-00354,Construction of link road connecting Ramganj,Construction of link road connecting Ramganj,Kerala,Kochi,9.801409,76.146761,Road Construction,2916296.37,2763010.24,2022-09-17,2023-04-30,Skyline Builders,86.9,/static/demo_images/road_construction_placeholder.jpg
MPL-00232,Building of village community hall at Chandpur,Building of village community hall at Chandpur,Bihar,Darbhanga,26.09199,85.913621,Community Hall,2328596.02,2218879.56,2020-01-26,2020-08-02,Bharat Builders,99.4,/static/demo_images/community_hall_placeholder.jpg
MPL-00573,Drainage system construction in Nehrunagar,Drainage system construction in Nehrunagar,Tamil Nadu,Coimbatore,10.964887,76.896626,Sanitation,856262.83,858004.72,2024-07-09,2024-10-07,Cityscape Engineering Works,88.0,/static/demo_images/sanitation_placeholder.jpg
MPL-00973,Repair and widening of village road in Ramganj,Repair and widening of village road in Ramganj,Tamil Nadu,Trichy,10.931309,78.652319,Road Construction,2777320.02,2425055.4,2020-04-10,2020-10-10,SuperFast Construction Co.,90.2,/static/demo_images/road_construction_placeholder.jpg
MPL-00359,Construction of open gymnasium in Saraswatipur,Construction of open gymnasium in Saraswatipur,Bihar,Darbhanga,26.236759,85.851546,Sports Infrastructure,905637.31,909648.35,2024-03-18,2024-07-24,Highway Construction Co.,92.7,/static/demo_images/sports_infrastructure_placeholder.jpg
MPL-00685,Construction of Primary Health Sub-Centre in Tagorepur,Construction of Primary Health Sub-Centre in Tagorepur,Tamil Nadu,Trichy,10.742445,78.721051,Healthcare Facility,1946353.58,529785.38,2019-03-27,2020-01-04,Bharat Builders,90.7,/static/demo_images/healthcare_facility_placeholder.jpg
MPL-00901,Construction of link road connecting Ganeshpur,Construction of link road connecting Ganeshpur,Rajasthan,Udaipur,24.56797,73.656478,Road Construction,3376735.59,3351476.6,2023-09-19,2024-03-14,Rapid Nation Builders,99.4,/static/demo_images/road_construction_placeholder.jpg
MPL-00609,Construction of community sanitation block in Ganeshpur,Construction of community sanitation block in Ganeshpur,Bihar,Muzaffarpur,26.007553,85.253849,Sanitation,509510.05,521909.44,2023-10-28,2024-02-17,Ganga Construction Co.,98.5,/static/demo_images/sanitation_placeholder.jpg
MPL-00480,Repair and widening of village road in Vijaynagar,Repair and widening of village road in Vijaynagar,Bihar,Patna,25.582473,85.03884,Road Construction,3009471.33,2921859.74,2020-06-05,2020-10-29,Highway Builders,86.5,/static/demo_images/road_construction_placeholder.jpg
MPL-00640,Construction of community sanitation block in Gopalpur,Construction of community sanitation block in Gopalpur,Maharashtra,Thane,19.33772,73.113652,Sanitation,781308.71,770713.95,2019-05-02,2019-08-01,Cityscape Construction Co.,87.2,/static/demo_images/sanitation_placeholder.jpg
MPL-00063,Check dam construction for irrigation in Mahadevpur,Check dam construction for irrigation in Mahadevpur,Karnataka,Belagavi,15.95775,74.644709,Irrigation,1720222.46,1675850.12,2021-05-01,2021-10-09,Prime Engineering Works,89.0,/static/demo_images/irrigation_placeholder.jpg
MPL-00680,Borewell and handpump installation for Ganeshpur,Borewell and handpump installation for Ganeshpur,Uttar Pradesh,Varanasi,25.342957,82.977838,Drinking Water,1001363.98,1951935.51,2020-08-19,2020-12-06,Bharat Infra Ltd.,92.0,/static/demo_images/drinking_water_placeholder.jpg
MPL-00696,Renovation of primary school building in Mahadevpur,Renovation of primary school building in Mahadevpur,Rajasthan,Jodhpur,26.344783,72.883331,School Infrastructure,1330110.41,2694264.91,2022-06-05,2022-09-27,Shree Builders,92.5,/static/demo_images/school_infrastructure_placeholder.jpg
MPL-00846,Construction of village public library in Gopalpur,Construction of village public library in Gopalpur,Karnataka,Hubli,15.363621,75.199518,Library,1374506.02,1195738.34,2023-12-25,2024-04-29,Shree Balaji Infra Pvt Ltd,92.6,/static/demo_images/library_placeholder.jpg
MPL-00551,Installation of high-mast lighting in Krishnapur,Installation of high-mast lighting in Krishnapur,Bihar,Muzaffarpur,26.199334,85.267134,Electrification,605676.38,625592.29,2020-07-14,2020-09-27,Prime Builders,87.8,/static/demo_images/electrification_placeholder.jpg
MPL-00097,Construction of Community Centre in Rampur,Construction of Community Centre in Rampur,Uttar Pradesh,Kanpur,26.536895,80.253279,Community Hall,1385657.19,1226097.71,2024-11-24,2025-07-04,United Infra Ltd.,96.2,/static/demo_images/community_hall_placeholder.jpg
MPL-00205,Borewell and handpump installation for Ashoknagar,Borewell and handpump installation for Ashoknagar,Karnataka,Bengaluru,13.056664,77.579765,Drinking Water,662510.71,636412.79,2023-04-06,2023-07-26,National Infra Ltd.,96.6,/static/demo_images/drinking_water_placeholder.jpg
MPL-00193,Construction of irrigation canal near Mahadevpur,Construction of irrigation canal near Mahadevpur,Bihar,Bhagalpur,25.333345,87.050924,Irrigation,2587095.04,2364725.57,2019-07-07,2020-01-30,Shree Balaji Infra Pvt Ltd,98.0,/static/demo_images/irrigation_placeholder.jpg
MPL-00855,Construction of dispensary building in Bhagwanpur,Construction of dispensary building in Bhagwanpur,Tamil Nadu,Trichy,10.892637,78.772594,Healthcare Facility,3517743.49,3256098.62,2019-12-06,2020-08-01,Rapid Nation Builders,99.0,/static/demo_images/healthcare_facility_placeholder.jpg
MPL-00766,Check dam construction for irrigation in Indranagar,Check dam construction for irrigation in Indranagar,Karnataka,Hubli,15.2908,75.098904,Irrigation,1285717.1,1154583.4,2020-01-19,2020-07-13,Modern Engineering Works,93.6,/static/demo_images/irrigation_placeholder.jpg
MPL-00069,Renovation of panchayat library building in Gopalpur,Renovation of panchayat library building in Gopalpur,Tamil Nadu,Coimbatore,11.111073,77.096517,Library,963009.36,897206.56,2020-10-20,2021-02-03,Metro Infra Ltd.,91.2,/static/demo_images/library_placeholder.jpg
MPL-00482,Construction of school boundary wall in Gandhinagar,Construction of school boundary wall in Gandhinagar,Karnataka,Mysuru,12.275145,76.783462,School Infrastructure,2100980.15,1929624.56,2021-08-25,2022-02-07,Sundar Infra Ltd.,94.9,/static/demo_images/school_infrastructure_placeholder.jpg
MPL-00154,Construction of village public library in Gopalpur,Construction of village public library in Gopalpur,Karnataka,Belagavi,15.988506,74.618393,Library,1272130.06,1318881.23,2022-07-04,2022-11-03,Prime Construction Co.,96.4,/static/demo_images/library_placeholder.jpg
MPL-00184,Renovation of primary school building in Mahadevpur,Renovation of primary school building in Mahadevpur,Tamil Nadu,Trichy,10.687036,78.611244,School Infrastructure,2655374.71,2663601.02,2019-05-12,2019-10-17,Reliable Builders,94.2,/static/demo_images/school_infrastructure_placeholder.jpg
MPL-00427,Drainage system construction in Rampur,Drainage system construction in Rampur,Rajasthan,Kota,25.074199,75.800145,Sanitation,431411.71,378355.46,2021-06-27,2021-10-06,Prime Engineering Works,97.8,/static/demo_images/sanitation_placeholder.jpg
MPL-00326,Construction of dispensary building in Sundarpur,Construction of dispensary building in Sundarpur,Karnataka,Mysuru,12.212612,76.682395,Healthcare Facility,2508192.48,2249848.65,2024-02-24,2024-08-23,Cityscape Construction Co.,97.0,/static/demo_images/healthcare_facility_placeholder.jpg
MPL-00011,Upgradation of health centre facilities in Ashoknagar,Upgradation of health centre facilities in Ashoknagar,Bihar,Darbhanga,26.037666,85.87223,Healthcare Facility,2634309.27,2741692.11,2024-08-12,2025-04-29,Sundar Infra Ltd.,92.6,/static/demo_images/healthcare_facility_placeholder.jpg
MPL-00486,Construction of concrete road from Fatehpur to main highway,Construction of concrete road from Fatehpur to main highway,Karnataka,Hubli,15.398147,75.127127,Road Construction,3184800.84,3250092.56,2019-09-13,2020-06-02,Skyline Engineering Works,98.5,/static/demo_images/road_construction_placeholder.jpg
MPL-00537,Rural electrification work in Vijaynagar,Rural electrification work in Vijaynagar,Uttar Pradesh,Meerut,28.980368,77.714405,Electrification,433625.66,430141.5,2022-04-12,2022-07-03,Cityscape Builders,94.3,/static/demo_images/electrification_placeholder.jpg
MPL-00169,Installation of irrigation pump sets in Shivnagar,Installation of irrigation pump sets in Shivnagar,Karnataka,Mysuru,12.37703,76.490954,Irrigation,2185669.87,2263960.42,2024-05-02,2024-09-20,Modern Builders,94.8,/static/demo_images/irrigation_placeholder.jpg
MPL-00139,Construction of link road connecting Chandpur,Construction of link road connecting Chandpur,Maharashtra,Nagpur,21.084492,79.071975,Road Construction,2898858.4,2560645.56,2022-12-15,2023-06-10,Reliable Engineering Works,89.1,/static/demo_images/road_construction_placeholder.jpg
MPL-00339,Construction of dispensary building in Gandhinagar,Construction of dispensary building in Gandhinagar,Bihar,Bhagalpur,25.106594,86.948675,Healthcare Facility,2541415.59,2560787.04,2019-08-09,2020-02-27,Shree Builders,96.2,/static/demo_images/healthcare_facility_placeholder.jpg
MPL-00934,Drainage system construction in Gandhinagar,Drainage system construction in Gandhinagar,Karnataka,Hubli,15.360562,74.997534,Sanitation,1058434.45,1077788.0,2024-11-03,2025-02-09,SuperFast Construction Co.,88.5,/static/demo_images/sanitation_placeholder.jpg
MPL-00474,Construction of dispensary building in Narayanpur,Construction of dispensary building in Narayanpur,Tamil Nadu,Madurai,9.870945,78.102135,Healthcare Facility,1794127.1,1578588.11,2022-01-25,2022-11-04,United Infra Ltd.,85.2,/static/demo_images/healthcare_facility_placeholder.jpg
MPL-00484,Construction of community sanitation block in Chandpur,Construction of community sanitation block in Chandpur,Kerala,Thrissur,10.571097,76.082845,Sanitation,572328.24,502380.2,2019-01-01,2019-05-14,Bharat Infra Ltd.,94.9,/static/demo_images/sanitation_placeholder.jpg
MPL-00258,Overhead water tank construction in Devipur,Overhead water tank construction in Devipur,Maharashtra,Pune,18.494317,73.975373,Drinking Water,846766.42,846410.68,2020-01-27,2020-05-24,Highway Construction Co.,87.0,/static/demo_images/drinking_water_placeholder.jpg
MPL-00865,Repair and widening of village road in Lakshmipur,Repair and widening of village road in Lakshmipur,Uttar Pradesh,Kanpur,26.428716,80.237674,Road Construction,1859699.92,1660780.53,2022-07-11,2023-01-24,Rapid Nation Builders,86.8,/static/demo_images/road_construction_placeholder.jpg
MPL-00943,"Construction of additional classrooms at Government School, Gopalpur","Construction of additional classrooms at Government School, Gopalpur",Kerala,Kochi,9.955071,76.141164,School Infrastructure,2694679.71,2587672.83,2021-11-22,2022-05-14,SuperFast Construction Co.,96.5,/static/demo_images/school_infrastructure_placeholder.jpg
MPL-00713,Construction of village playground in Fatehpur,Construction of village playground in Fatehpur,Maharashtra,Nagpur,21.071382,78.966623,Sports Infrastructure,1016789.72,992564.49,2020-06-28,2023-11-05,Metro Infra Ltd.,87.6,/static/demo_images/sports_infrastructure_placeholder.jpg
MPL-00958,Renovation of primary school building in Gandhinagar,Renovation of primary school building in Gandhinagar,Kerala,Kochi,9.816909,76.386528,School Infrastructure,2697037.01,2611529.07,2020-03-17,2020-07-21,SuperFast Construction Co.,99.9,/static/demo_images/school_infrastructure_placeholder.jpg
MPL-00210,Repair and widening of village road in Vijaynagar,Repair and widening of village road in Vijaynagar,Bihar,Patna,25.727367,85.20387,Road Construction,2410765.36,2346479.31,2024-02-19,2024-09-16,United Builders,87.0,/static/demo_images/road_construction_placeholder.jpg
MPL-00702,Construction of Community Hall in Mahadevpur,Construction of Community Hall in Mahadevpur,Uttar Pradesh,Lucknow,26.944075,80.977655,Community Hall,1270260.18,1163276.7,2024-07-03,2024-07-10,Cityscape Infra Ltd.,91.9,/static/demo_images/community_hall_placeholder.jpg
MPL-00716,Check dam construction for irrigation in Tagorepur,Check dam construction for irrigation in Tagorepur,Kerala,Thrissur,10.41788,76.159662,Irrigation,2635244.68,2260833.06,2023-08-27,2023-09-11,Ganga Construction Co.,96.3,/static/demo_images/irrigation_placeholder.jpg
MPL-00923,Construction of community sanitation block in Gandhinagar,Construction of community sanitation block in Gandhinagar,West Bengal,Howrah,22.466186,88.375042,Sanitation,1097680.37,949444.59,2024-08-10,2024-10-22,SuperFast Construction Co.,89.7,/static/demo_images/sanitation_placeholder.jpg
MPL-00789,Construction of Community Hall in Rampur,Construction of Community Hall in Rampur,Tamil Nadu,Salem,11.685869,78.173634,Community Hall,913291.99,945919.77,2024-11-20,2025-04-17,Vishwakarma Builders,89.6,/static/demo_images/community_hall_placeholder.jpg
MPL-00170,Installation of high-mast lighting in Ramganj,Installation of high-mast lighting in Ramganj,West Bengal,Asansol,23.541649,87.033017,Electrification,751379.24,673569.44,2019-06-02,2019-09-17,Sundar Infra Ltd.,91.3,/static/demo_images/electrification_placeholder.jpg
MPL-00666,Rural electrification work in Subhaspur,Rural electrification work in Subhaspur,Bihar,Bhagalpur,25.283051,87.128092,Electrification,784652.46,247708.07,2022-08-10,2022-11-19,Metro Engineering Works,88.2,/static/demo_images/electrification_placeholder.jpg
MPL-00578,Installation of high-mast lighting in Vijaynagar,Installation of high-mast lighting in Vijaynagar,Maharashtra,Thane,19.24349,73.057658,Electrification,735091.8,680779.3,2023-10-20,2024-01-07,Skyline Construction Co.,99.9,/static/demo_images/electrification_placeholder.jpg
MPL-00381,Construction of public toilet complex in Fatehpur,Construction of public toilet complex in Fatehpur,Rajasthan,Jaipur,26.917723,75.858378,Sanitation,468032.02,406267.32,2022-11-26,2023-02-27,Skyline Construction Co.,99.4,/static/demo_images/sanitation_placeholder.jpg
MPL-00630,Overhead water tank construction in Gopalpur,Overhead water tank construction in Gopalpur,Bihar,Muzaffarpur,26.067255,85.259653,Drinking Water,1194301.76,1114794.1,2024-04-22,2024-08-21,United Infra Ltd.,92.4,/static/demo_images/drinking_water_placeholder.jpg
MPL-00331,Renovation of primary school building in Shivnagar,Renovation of primary school building in Shivnagar,Tamil Nadu,Madurai,9.839877,78.217166,School Infrastructure,1423041.78,1305764.22,2020-05-19,2020-10-16,Cityscape Builders,91.9,/static/demo_images/school_infrastructure_placeholder.jpg
MPL-00940,Construction of irrigation canal near Tagorepur,Construction of irrigation canal near Tagorepur,Karnataka,Belagavi,15.739262,74.352255,Irrigation,2659218.96,2766102.13,2019-12-17,2020-06-27,SuperFast Construction Co.,100.0,/static/demo_images/irrigation_placeholder.jpg
MPL-00278,Repair and widening of village road in Vijaynagar,Repair and widening of village road in Vijaynagar,West Bengal,Kolkata,22.658706,88.430024,Road Construction,1425924.41,1337009.51,2023-09-15,2024-02-21,Sundar Builders,98.3,/static/demo_images/road_construction_placeholder.jpg
MPL-00693,Construction of concrete road from Shivnagar to main highway,Construction of concrete road from Shivnagar to main highway,Tamil Nadu,Trichy,10.748571,78.718508,Road Construction,2054267.25,923764.99,2022-01-29,2022-08-26,Prime Construction Co.,95.6,/static/demo_images/road_construction_placeholder.jpg
MPL-00302,Construction of school boundary wall in Ganeshpur,Construction of school boundary wall in Ganeshpur,West Bengal,Siliguri,26.806742,88.515206,School Infrastructure,2529773.68,2556267.36,2023-07-14,2023-12-08,Metro Construction Co.,95.2,/static/demo_images/school_infrastructure_placeholder.jpg
MPL-00446,Repair and widening of village road in Lakshmipur,Repair and widening of village road in Lakshmipur,Bihar,Darbhanga,26.256057,85.785457,Road Construction,1384863.36,1265401.57,2023-08-23,2024-03-17,Reliable Construction Co.,89.6,/static/demo_images/road_construction_placeholder.jpg
MPL-00121,Installation of high-mast lighting in Ramganj,Installation of high-mast lighting in Ramganj,Maharashtra,Aurangabad,19.935744,75.310887,Electrification,717024.74,743985.19,2022-09-07,2022-12-01,Bharat Construction Co.,95.1,/static/demo_images/electrification_placeholder.jpg
MPL-00304,Rural electrification work in Indranagar,Rural electrification work in Indranagar,Bihar,Patna,25.697726,85.239792,Electrification,885896.87,785105.88,2020-02-04,2020-05-03,Modern Construction Co.,86.9,/static/demo_images/electrification_placeholder.jpg
MPL-00010,Setting up of reading room and library in Krishnapur,Setting up of reading room and library in Krishnapur,Rajasthan,Udaipur,24.549886,73.861336,Library,1016202.91,1061135.01,2019-02-17,2019-05-05,United Infra Ltd.,95.2,/static/demo_images/library_placeholder.jpg
MPL-00409,Check dam construction for irrigation in Bhagwanpur,Check dam construction for irrigation in Bhagwanpur,Uttar Pradesh,Lucknow,26.822773,81.031918,Irrigation,2086951.94,1928926.72,2019-11-25,2020-06-09,Bharat Infra Ltd.,85.8,/static/demo_images/irrigation_placeholder.jpg
MPL-00429,Construction of village public library in Devipur,Construction of village public library in Devipur,Karnataka,Mangaluru,12.840973,74.796091,Library,1053438.44,1015317.65,2022-08-22,2022-12-11,Modern Builders,87.6,/static/demo_images/library_placeholder.jpg
MPL-00561,Construction of concrete road from Devipur to main highway,Construction of concrete road from Devipur to main highway,Uttar Pradesh,Kanpur,26.556945,80.224608,Road Construction,1818463.75,1591280.96,2020-04-02,2020-11-06,National Builders,85.3,/static/demo_images/road_construction_placeholder.jpg
MPL-00144,Installation of irrigation pump sets in Lakshmipur,Installation of irrigation pump sets in Lakshmipur,Uttar Pradesh,Meerut,28.968033,77.582737,Irrigation,2435665.59,2482197.14,2022-08-02,2022-11-07,Skyline Construction Co.,95.6,/static/demo_images/irrigation_placeholder.jpg
MPL-00499,Borewell and handpump installation for Lakshmipur,Borewell and handpump installation for Lakshmipur,Maharashtra,Nashik,19.967123,73.73021,Drinking Water,1076920.44,1077443.36,2023-05-17,2023-08-27,Modern Construction Co.,88.9,/static/demo_images/drinking_water_placeholder.jpg
MPL-00538,"Construction of additional classrooms at Government School, Mahadevpur","Construction of additional classrooms at Government School, Mahadevpur",Uttar Pradesh,Meerut,28.858551,77.825784,School Infrastructure,1599070.84,1665153.06,2020-03-23,2020-07-26,Sundar Builders,89.1,/static/demo_images/school_infrastructure_placeholder.jpg
MPL-00642,Upgradation of health centre facilities in Gopalpur,Upgradation of health centre facilities in Gopalpur,Bihar,Muzaffarpur,26.238235,85.450837,Healthcare Facility,3683865.91,3662905.48,2022-07-08,2023-03-11,Skyline Construction Co.,85.1,/static/demo_images/healthcare_facility_placeholder.jpg
MPL-00175,Renovation of panchayat library building in Tagorepur,Renovation of panchayat library building in Tagorepur,West Bengal,Siliguri,26.580531,88.441405,Library,1163491.73,1003424.2,2023-07-19,2023-11-16,Highway Construction Co.,98.8,/static/demo_images/library_placeholder.jpg
MPL-00508,Construction of link road connecting Fatehpur,Construction of link road connecting Fatehpur,Uttar Pradesh,Meerut,28.909679,77.690165,Road Construction,3292327.26,2896493.57,2019-01-04,2019-07-23,Om Construction Co.,95.0,/static/demo_images/road_construction_placeholder.jpg
MPL-00435,Drainage system construction in Chandpur,Drainage system construction in Chandpur,West Bengal,Durgapur,23.647641,87.188778,Sanitation,890223.29,832098.94,2019-04-10,2019-07-11,Ganga Engineering Works,87.5,/static/demo_images/sanitation_placeholder.jpg
MPL-00040,Construction of school boundary wall in Gandhinagar,Construction of school boundary wall in Gandhinagar,Kerala,Thiruvananthapuram,8.489294,76.906496,School Infrastructure,1345628.42,1328841.01,2020-03-12,2020-09-03,Reliable Infra Ltd.,88.3,/static/demo_images/school_infrastructure_placeholder.jpg
MPL-00117,Installation of solar street lights in Ramganj,Installation of solar street lights in Ramganj,Uttar Pradesh,Agra,27.2201,78.151311,Electrification,414177.9,401262.16,2019-06-18,2019-09-02,Cityscape Builders,98.6,/static/demo_images/electrification_placeholder.jpg
MPL-00449,Construction of Community Hall in Bhagwanpur,Construction of Community Hall in Bhagwanpur,Maharashtra,Thane,19.077969,73.057462,Community Hall,922521.39,833933.27,2021-04-10,2021-08-30,Prime Infra Ltd.,86.0,/static/demo_images/community_hall_placeholder.jpg
MPL-00203,Overhead water tank construction in Bhagwanpur,Overhead water tank construction in Bhagwanpur,Karnataka,Bengaluru,12.864857,77.690807,Drinking Water,1136721.91,1177388.12,2023-05-13,2023-09-02,Progressive Builders,90.0,/static/demo_images/drinking_water_placeholder.jpg
MPL-00964,Construction of village public library in Shivnagar,Construction of village public library in Shivnagar,West Bengal,Howrah,22.64573,88.155901,Library,726158.8,739053.93,2020-11-22,2021-03-24,SuperFast Construction Co.,85.4,/static/demo_images/library_placeholder.jpg
MPL-00125,Construction of school boundary wall in Mahadevpur,Construction of school boundary wall in Mahadevpur,Karnataka,Mangaluru,12.849578,74.930561,School Infrastructure,1888070.33,1806509.9,2024-04-05,2024-08-18,Prime Construction Co.,90.5,/static/demo_images/school_infrastructure_placeholder.jpg
MPL-00533,Installation of irrigation pump sets in Gandhinagar,Installation of irrigation pump sets in Gandhinagar,Karnataka,Mangaluru,12.764509,74.894192,Irrigation,1871270.61,1849096.29,2022-01-10,2022-07-04,Progressive Builders,93.6,/static/demo_images/irrigation_placeholder.jpg
MPL-00921,Renovation of panchayat library building in Saraswatipur,Renovation of panchayat library building in Saraswatipur,Tamil Nadu,Salem,11.619932,78.181544,Library,1042827.58,915159.11,2023-03-21,2023-07-24,Rapid Nation Builders,98.1,/static/demo_images/library_placeholder.jpg
MPL-00913,Construction of public toilet complex in Indranagar,Construction of public toilet complex in Indranagar,Bihar,Muzaffarpur,26.024849,85.286021,Sanitation,879153.37,846299.02,2020-07-27,2020-10-06,Rapid Nation Builders,89.2,/static/demo_images/sanitation_placeholder.jpg
MPL-00131,"Construction of additional classrooms at Government School, Ramganj","Construction of additional classrooms at Government School, Ramganj",West Bengal,Asansol,23.538225,86.928348,School Infrastructure,2509018.4,2362046.94,2019-03-09,2019-09-12,Highway Builders,93.6,/static/demo_images/school_infrastructure_placeholder.jpg
MPL-00385,Renovation of primary school building in Chandpur,Renovation of primary school building in Chandpur,Tamil Nadu,Trichy,10.927134,78.709651,School Infrastructure,1097501.75,1115539.64,2022-11-01,2023-03-31,National Builders,93.3,/static/demo_images/school_infrastructure_placeholder.jpg
MPL-00080,Construction of open gymnasium in Sundarpur,Construction of open gymnasium in Sundarpur,Bihar,Gaya,24.666026,85.039548,Sports Infrastructure,1673022.01,1755811.81,2020-01-06,2020-05-23,Reliable Engineering Works,99.7,/static/demo_images/sports_infrastructure_placeholder.jpg
MPL-00717,Construction of school boundary wall in Bhagwanpur,Construction of school boundary wall in Bhagwanpur,Karnataka,Mysuru,12.162022,76.764703,School Infrastructure,2859077.3,2888498.24,2023-04-12,2023-04-17,Highway Infra Ltd.,89.8,/static/demo_images/school_infrastructure_placeholder.jpg
MPL-00857,Rural electrification work in Bhagwanpur,Rural electrification work in Bhagwanpur,Bihar,Gaya,24.675702,85.088832,Electrification,608247.08,576194.56,2023-09-16,2023-12-08,Rapid Nation Builders,90.6,/static/demo_images/electrification_placeholder.jpg
MPL-00108,Installation of drinking water supply system in Subhaspur,Installation of drinking water supply system in Subhaspur,Kerala,Kollam,8.824831,76.662682,Drinking Water,868529.36,815035.63,2022-01-23,2022-05-19,Prime Engineering Works,96.3,/static/demo_images/drinking_water_placeholder.jpg
MPL-00084,Upgradation of health centre facilities in Mahadevpur,Upgradation of health centre facilities in Mahadevpur,Rajasthan,Udaipur,24.495165,73.677908,Healthcare Facility,2708020.15,2430288.69,2023-01-10,2023-10-09,Rapid Nation Builders,89.4,/static/demo_images/healthcare_facility_placeholder.jpg
MPL-00569,Repair and widening of village road in Anandpur,Repair and widening of village road in Anandpur,Bihar,Gaya,24.802299,85.053156,Road Construction,1582279.26,1469877.77,2020-11-22,2021-05-21,National Construction Co.,90.5,/static/demo_images/road_construction_placeholder.jpg
MPL-00527,Overhead water tank construction in Gandhinagar,Overhead water tank construction in Gandhinagar,Maharashtra,Thane,19.086196,72.86905,Drinking Water,1161321.09,1093634.4,2022-04-23,2022-08-28,Sundar Construction Co.,96.8,/static/demo_images/drinking_water_placeholder.jpg
MPL-00831,Installation of drinking water supply system in Tagorepur,Installation of drinking water supply system in Tagorepur,Karnataka,Hubli,15.424624,75.14224,Drinking Water,603649.79,525814.95,2019-10-26,2020-02-06,Shree Balaji Infra Pvt Ltd,88.3,/static/demo_images/drinking_water_placeholder.jpg
MPL-00726,Drainage system construction in Narayanpur,Drainage system construction in Narayanpur,Tamil Nadu,Chennai,13.023366,80.411005,Sanitation,880940.24,816241.98,2022-06-15,2025-03-02,Reliable Construction Co.,96.3,/static/demo_images/sanitation_placeholder.jpg
MPL-00473,Setting up of reading room and library in Krishnapur,Setting up of reading room and library in Krishnapur,Uttar Pradesh,Varanasi,25.307663,82.837742,Library,1008519.94,990161.71,2022-07-02,2022-10-11,Prime Infra Ltd.,89.8,/static/demo_images/library_placeholder.jpg
MPL-00771,Construction of Primary Health Sub-Centre in Bhagwanpur,Construction of Primary Health Sub-Centre in Bhagwanpur,West Bengal,Asansol,23.745308,86.973053,Healthcare Facility,2043657.99,1861698.78,2019-05-26,2020-03-08,Cityscape Engineering Works,98.4,/static/demo_images/healthcare_facility_placeholder.jpg
MPL-00242,Drainage system construction in Nehrunagar,Drainage system construction in Nehrunagar,Maharashtra,Aurangabad,19.858915,75.258473,Sanitation,1047615.06,919808.78,2020-05-19,2020-08-21,Apex Builders,90.3,/static/demo_images/sanitation_placeholder.jpg
MPL-00668,Borewell and handpump installation for Subhaspur,Borewell and handpump installation for Subhaspur,Bihar,Darbhanga,26.205874,85.847698,Drinking Water,1130225.0,440116.43,2023-01-06,2023-04-16,Apex Builders,87.7,/static/demo_images/drinking_water_placeholder.jpg
MPL-00321,Construction of Community Centre in Shivnagar,Construction of Community Centre in Shivnagar,Karnataka,Mysuru,12.265875,76.626362,Community Hall,2153562.52,2127677.75,2020-11-14,2021-04-15,United Infra Ltd.,87.0,/static/demo_images/community_hall_placeholder.jpg
MPL-00512,"Construction of additional classrooms at Government School, Ganeshpur","Construction of additional classrooms at Government School, Ganeshpur",Rajasthan,Kota,25.121728,75.930722,School Infrastructure,2147301.77,2035312.49,2019-09-16,2020-03-16,Progressive Builders,94.7,/static/demo_images/school_infrastructure_placeholder.jpg
MPL-00559,Renovation of panchayat library building in Gandhinagar,Renovation of panchayat library building in Gandhinagar,Kerala,Kochi,10.035021,76.331064,Library,1172038.4,1184363.62,2020-04-22,2020-07-09,Bharat Construction Co.,98.9,/static/demo_images/library_placeholder.jpg
MPL-00501,Drainage system construction in Nehrunagar,Drainage system construction in Nehrunagar,Karnataka,Hubli,15.472207,75.07449,Sanitation,606961.47,527847.29,2021-09-17,2021-12-17,Prime Construction Co.,92.8,/static/demo_images/sanitation_placeholder.jpg
MPL-00576,Construction of public toilet complex in Saraswatipur,Construction of public toilet complex in Saraswatipur,West Bengal,Siliguri,26.747757,88.392466,Sanitation,807648.73,773629.34,2024-04-08,2024-06-25,Modern Construction Co.,93.4,/static/demo_images/sanitation_placeholder.jpg
MPL-00215,Construction of public toilet complex in Anandpur,Construction of public toilet complex in Anandpur,Maharashtra,Aurangabad,19.86092,75.37268,Sanitation,827570.81,791880.56,2023-09-10,2024-01-14,Progressive Builders,85.6,/static/demo_images/sanitation_placeholder.jpg
MPL-00707,Construction of link road connecting Balrampur,Construction of link road connecting Balrampur,Uttar Pradesh,Meerut,28.907188,77.841406,Road Construction,1628562.67,1651501.53,2019-03-15,2019-04-01,United Construction Co.,87.7,/static/demo_images/road_construction_placeholder.jpg
MPL-00275,Construction of village public library in Vijaynagar,Construction of village public library in Vijaynagar,Kerala,Kochi,9.98086,76.361636,Library,880545.7,877727.07,2019-01-08,2019-04-25,Rapid Nation Builders,90.9,/static/demo_images/library_placeholder.jpg
MPL-00006,Construction of dispensary building in Gandhinagar,Construction of dispensary building in Gandhinagar,Tamil Nadu,Salem,11.708711,78.178739,Healthcare Facility,1927846.62,1919798.55,2020-10-31,2021-07-25,Cityscape Engineering Works,90.7,/static/demo_images/healthcare_facility_placeholder.jpg
MPL-00834,Installation of irrigation pump sets in Sundarpur,Installation of irrigation pump sets in Sundarpur,Karnataka,Hubli,15.261422,75.11499,Irrigation,2356411.13,2153847.72,2019-05-09,2019-11-29,Shree Balaji Infra Pvt Ltd,99.8,/static/demo_images/irrigation_placeholder.jpg
MPL-00614,Construction of concrete road from Chandpur to main highway,Construction of concrete road from Chandpur to main highway,Bihar,Gaya,24.730784,85.1446,Road Construction,1588380.08,1468793.58,2020-03-10,2020-09-29,Metro Builders,87.3,/static/demo_images/road_construction_placeholder.jpg
MPL-00579,Installation of high-mast lighting in Sundarpur,Installation of high-mast lighting in Sundarpur,Rajasthan,Jodhpur,26.162169,72.944687,Electrification,547259.72,474467.8,2020-04-13,2020-07-01,Metro Engineering Works,87.5,/static/demo_images/electrification_placeholder.jpg
MPL-00706,Drainage system construction in Chandpur,Drainage system construction in Chandpur,Rajasthan,Ajmer,26.419703,74.548221,Sanitation,446442.26,401852.12,2020-07-13,2020-08-01,Metro Builders,95.1,/static/demo_images/sanitation_placeholder.jpg
MPL-00330,Development of sports ground with boundary wall in Indranagar,Development of sports ground with boundary wall in Indranagar,West Bengal,Asansol,23.734529,86.816133,Sports Infrastructure,840570.9,738096.76,2023-08-04,2023-11-28,United Builders,88.8,/static/demo_images/sports_infrastructure_placeholder.jpg
MPL-00038,Renovation of panchayat library building in Nehrunagar,Renovation of panchayat library building in Nehrunagar,Rajasthan,Udaipur,24.532075,73.695036,Library,1148064.51,1093226.98,2020-11-26,2021-03-06,National Infra Ltd.,89.3,/static/demo_images/library_placeholder.jpg
MPL-00155,Development of sports ground with boundary wall in Mahadevpur,Development of sports ground with boundary wall in Mahadevpur,Bihar,Gaya,24.909223,84.999411,Sports Infrastructure,759054.0,704894.31,2022-12-16,2023-04-11,Om Infra Ltd.,85.8,/static/demo_images/sports_infrastructure_placeholder.jpg
MPL-00346,Borewell and handpump installation for Indranagar,Borewell and handpump installation for Indranagar,West Bengal,Asansol,23.678193,86.955021,Drinking Water,869443.77,790573.74,2021-02-27,2021-07-18,Metro Builders,92.7,/static/demo_images/drinking_water_placeholder.jpg
MPL-00926,Renovation of panchayat library building in Nehrunagar,Renovation of panchayat library building in Nehrunagar,Uttar Pradesh,Meerut,29.085001,77.798646,Library,851261.02,735619.44,2023-09-01,2024-01-13,SuperFast Construction Co.,94.0,/static/demo_images/library_placeholder.jpg
MPL-00802,Construction of village public library in Chandpur,Construction of village public library in Chandpur,Karnataka,Hubli,15.322848,75.251411,Library,616323.88,529218.44,2020-09-10,2020-12-28,Shree Balaji Infra Pvt Ltd,87.7,/static/demo_images/library_placeholder.jpg
MPL-00422,Installation of high-mast lighting in Balrampur,Installation of high-mast lighting in Balrampur,Uttar Pradesh,Agra,27.308173,77.982886,Electrification,581441.19,576607.53,2021-12-24,2022-02-26,Highway Engineering Works,85.6,/static/demo_images/electrification_placeholder.jpg
MPL-00259,Construction of link road connecting Fatehpur,Construction of link road connecting Fatehpur,Rajasthan,Jaipur,26.781085,75.836033,Road Construction,1607558.23,1460201.73,2023-05-29,2024-02-05,Metro Builders,89.8,/static/demo_images/road_construction_placeholder.jpg
MPL-00506,Construction of community sanitation block in Anandpur,Construction of community sanitation block in Anandpur,Uttar Pradesh,Agra,27.325488,77.935572,Sanitation,988960.6,875809.56,2019-10-12,2020-01-06,Modern Infra Ltd.,99.7,/static/demo_images/sanitation_placeholder.jpg
MPL-00061,Upgradation of health centre facilities in Saraswatipur,Upgradation of health centre facilities in Saraswatipur,Kerala,Thiruvananthapuram,8.506241,76.841909,Healthcare Facility,1628441.79,1690668.98,2023-06-30,2023-12-20,Modern Infra Ltd.,86.1,/static/demo_images/healthcare_facility_placeholder.jpg
MPL-00239,Construction of school boundary wall in Gopalpur,Construction of school boundary wall in Gopalpur,West Bengal,Siliguri,26.60446,88.273855,School Infrastructure,1464158.12,1267357.32,2023-12-28,2024-05-03,Shree Builders,85.1,/static/demo_images/school_infrastructure_placeholder.jpg
MPL-00779,"Construction of additional classrooms at Government School, Saraswatipur","Construction of additional classrooms at Government School, Saraswatipur",Rajasthan,Udaipur,24.670215,73.593419,School Infrastructure,2394822.08,2328294.14,2020-09-01,2021-02-14,Rajdhani Builders,86.8,/static/demo_images/school_infrastructure_placeholder.jpg
MPL-00581,Construction of community sanitation block in Fatehpur,Construction of community sanitation block in Fatehpur,Karnataka,Bengaluru,12.918326,77.473918,Sanitation,761851.03,752840.46,2022-10-22,2023-02-03,Sundar Builders,94.2,/static/demo_images/sanitation_placeholder.jpg
MPL-00741,Construction of village public library in Fatehpur,Construction of village public library in Fatehpur,Bihar,Muzaffarpur,26.004476,85.243357,Library,1307125.82,1193648.01,2021-06-15,2021-10-08,Modern Engineering Works,95.2,/static/demo_images/library_placeholder.jpg
MPL-00536,Construction of village public library in Gandhinagar,Construction of village public library in Gandhinagar,Bihar,Patna,25.670052,85.215866,Library,828417.43,852927.49,2024-08-24,2024-12-03,Reliable Infra Ltd.,89.2,/static/demo_images/library_placeholder.jpg
MPL-00485,Development of sports ground with boundary wall in Ramganj,Development of sports ground with boundary wall in Ramganj,Rajasthan,Kota,25.248472,75.848948,Sports Infrastructure,886227.85,908813.43,2022-06-01,2022-09-28,Reliable Engineering Works,95.8,/static/demo_images/sports_infrastructure_placeholder.jpg
MPL-00632,Drainage system construction in Gopalpur,Drainage system construction in Gopalpur,West Bengal,Asansol,23.71965,86.910477,Sanitation,750627.39,783796.36,2020-10-25,2021-02-12,Prime Infra Ltd.,89.2,/static/demo_images/sanitation_placeholder.jpg
MPL-00413,"Construction of additional classrooms at Government School, Shivnagar","Construction of additional classrooms at Government School, Shivnagar",Uttar Pradesh,Agra,27.216573,77.955454,School Infrastructure,1381248.64,1250333.91,2019-02-06,2019-08-03,Om Builders,93.7,/static/demo_images/school_infrastructure_placeholder.jpg
MPL-00145,Development of sports ground with boundary wall in Ramganj,Development of sports ground with boundary wall in Ramganj,Kerala,Kochi,10.036609,76.330843,Sports Infrastructure,1680056.9,1642322.83,2020-05-12,2020-09-25,Prime Builders,96.9,/static/demo_images/sports_infrastructure_placeholder.jpg
MPL-00798,Development of sports ground with boundary wall in Ganeshpur,Development of sports ground with boundary wall in Ganeshpur,Maharashtra,Nagpur,21.226025,78.947381,Sports Infrastructure,1319600.9,1330791.23,2019-02-08,2019-06-20,National Infra Ltd.,93.1,/static/demo_images/sports_infrastructure_placeholder.jpg
MPL-00256,Construction of school boundary wall in Tagorepur,Construction of school boundary wall in Tagorepur,Bihar,Gaya,24.873645,84.923738,School Infrastructure,1091480.19,1017267.42,2021-08-12,2022-01-01,Progressive Builders,90.2,/static/demo_images/school_infrastructure_placeholder.jpg
MPL-00608,Construction of Community Hall in Balrampur,Construction of Community Hall in Balrampur,Karnataka,Mangaluru,12.938246,74.784087,Community Hall,1655620.08,1715330.66,2024-04-01,2024-10-03,Bharat Construction Co.,86.3,/static/demo_images/community_hall_placeholder.jpg
MPL-00502,Installation of solar street lights in Balrampur,Installation of solar street lights in Balrampur,Tamil Nadu,Coimbatore,11.068641,77.055307,Electrification,367176.85,319274.87,2020-03-01,2020-05-18,Cityscape Builders,90.3,/static/demo_images/electrification_placeholder.jpg
MPL-00213,Construction of community sanitation block in Narayanpur,Construction of community sanitation block in Narayanpur,Karnataka,Bengaluru,12.931105,77.72422,Sanitation,559860.03,587546.78,2019-04-21,2019-08-09,Cityscape Engineering Works,99.1,/static/demo_images/sanitation_placeholder.jpg
MPL-00174,Construction of concrete road from Lakshmipur to main highway,Construction of concrete road from Lakshmipur to main highway,Rajasthan,Jaipur,26.905636,75.918048,Road Construction,1335026.27,1237188.71,2024-01-04,2024-06-09,Vishwakarma Infra Ltd.,99.3,/static/demo_images/road_construction_placeholder.jpg
MPL-00888,Setting up of reading room and library in Rampur,Setting up of reading room and library in Rampur,Bihar,Patna,25.706066,85.12937,Library,580658.87,495579.67,2022-04-05,2022-07-17,Rapid Nation Builders,97.5,/static/demo_images/library_placeholder.jpg
MPL-00863,Drainage system construction in Nehrunagar,Drainage system construction in Nehrunagar,Rajasthan,Kota,25.145302,75.810425,Sanitation,495291.38,458941.53,2019-09-21,2020-01-03,Rapid Nation Builders,91.7,/static/demo_images/sanitation_placeholder.jpg
MPL-00086,Construction of village public library in Vijaynagar,Construction of village public library in Vijaynagar,Tamil Nadu,Trichy,10.831485,78.740967,Library,1149988.01,1143301.61,2020-07-14,2020-11-07,United Construction Co.,98.6,/static/demo_images/library_placeholder.jpg
MPL-00646,Borewell and handpump installation for Vijaynagar,Borewell and handpump installation for Vijaynagar,Maharashtra,Nashik,20.035597,73.746142,Drinking Water,518186.3,507922.32,2020-05-25,2020-09-14,Cityscape Builders,89.5,/static/demo_images/drinking_water_placeholder.jpg
MPL-00148,Construction of village public library in Lakshmipur,Construction of village public library in Lakshmipur,Kerala,Kochi,9.910985,76.390514,Library,589871.57,516038.66,2020-09-18,2021-01-13,Ganga Infra Ltd.,87.5,/static/demo_images/library_placeholder.jpg
MPL-00341,Construction of concrete road from Lakshmipur to main highway,Construction of concrete road from Lakshmipur to main highway,Tamil Nadu,Coimbatore,11.087324,76.841606,Road Construction,1409395.31,1276661.91,2021-11-10,2022-06-06,Shree Construction Co.,90.0,/static/demo_images/road_construction_placeholder.jpg
MPL-00319,Upgradation of health centre facilities in Narayanpur,Upgradation of health centre facilities in Narayanpur,Rajasthan,Ajmer,26.314924,74.733854,Healthcare Facility,3685351.12,3760715.58,2023-10-11,2024-05-03,United Infra Ltd.,86.4,/static/demo_images/healthcare_facility_placeholder.jpg
MPL-00659,Check dam construction for irrigation in Rampur,Check dam construction for irrigation in Rampur,Uttar Pradesh,Varanasi,25.298705,82.948381,Irrigation,2773331.98,5287816.21,2020-02-11,2020-08-28,Progressive Builders,87.5,/static/demo_images/irrigation_placeholder.jpg
MPL-00112,Upgradation of health centre facilities in Shivnagar,Upgradation of health centre facilities in Shivnagar,Rajasthan,Jodhpur,26.095157,72.97173,Healthcare Facility,3503305.39,3410905.89,2023-01-22,2023-08-15,National Engineering Works,91.6,/static/demo_images/healthcare_facility_placeholder.jpg
MPL-00577,Development of sports ground with boundary wall in Sundarpur,Development of sports ground with boundary wall in Sundarpur,Tamil Nadu,Chennai,13.011717,80.298014,Sports Infrastructure,1075577.48,1059763.86,2019-09-09,2020-01-18,Shree Engineering Works,93.9,/static/demo_images/sports_infrastructure_placeholder.jpg
MPL-00489,Construction of Community Hall in Rampur,Construction of Community Hall in Rampur,Maharashtra,Thane,19.262817,72.871299,Community Hall,2227333.02,2186317.44,2020-07-16,2021-01-26,Reliable Builders,97.9,/static/demo_images/community_hall_placeholder.jpg
MPL-00379,Overhead water tank construction in Lakshmipur,Overhead water tank construction in Lakshmipur,Kerala,Thrissur,10.525911,76.067613,Drinking Water,1160454.11,1202406.49,2024-09-22,2025-01-08,Highway Infra Ltd.,95.5,/static/demo_images/drinking_water_placeholder.jpg
MPL-00458,Construction of village public library in Saraswatipur,Construction of village public library in Saraswatipur,Uttar Pradesh,Lucknow,26.761762,80.994041,Library,948364.64,889921.74,2019-01-27,2019-05-14,Rajdhani Engineering Works,98.2,/static/demo_images/library_placeholder.jpg
MPL-00238,Upgradation of health centre facilities in Lakshmipur,Upgradation of health centre facilities in Lakshmipur,Maharashtra,Thane,19.096302,72.936231,Healthcare Facility,1706051.33,1676880.86,2020-11-08,2021-07-06,Om Infra Ltd.,90.9,/static/demo_images/healthcare_facility_placeholder.jpg
MPL-00790,Construction of Community Centre in Rampur,Construction of Community Centre in Rampur,Tamil Nadu,Salem,11.688103,78.180707,Community Hall,1078655.09,965165.35,2024-12-25,2025-06-20,Vishwakarma Engineering Works,89.4,/static/demo_images/community_hall_placeholder.jpg
MPL-00407,Construction of Primary Health Sub-Centre in Gopalpur,Construction of Primary Health Sub-Centre in Gopalpur,Bihar,Darbhanga,26.260245,85.796522,Healthcare Facility,2223988.25,2173678.39,2024-07-08,2025-02-11,Prime Construction Co.,89.8,/static/demo_images/healthcare_facility_placeholder.jpg
MPL-00026,Construction of Primary Health Sub-Centre in Subhaspur,Construction of Primary Health Sub-Centre in Subhaspur,Kerala,Kochi,10.062879,76.157587,Healthcare Facility,1788571.68,1558574.23,2020-09-28,2021-04-07,Vishwakarma Infra Ltd.,89.2,/static/demo_images/healthcare_facility_placeholder.jpg
MPL-00592,Setting up of reading room and library in Shivnagar,Setting up of reading room and library in Shivnagar,West Bengal,Kolkata,22.521386,88.389198,Library,890955.6,890665.9,2021-08-24,2021-11-30,Reliable Infra Ltd.,88.3,/static/demo_images/library_placeholder.jpg
MPL-00230,Check dam construction for irrigation in Narayanpur,Check dam construction for irrigation in Narayanpur,Uttar Pradesh,Varanasi,25.42626,82.849995,Irrigation,2784051.89,2431805.86,2021-08-28,2022-03-15,Prime Infra Ltd.,97.2,/static/demo_images/irrigation_placeholder.jpg
MPL-00464,Installation of irrigation pump sets in Lakshmipur,Installation of irrigation pump sets in Lakshmipur,Bihar,Gaya,24.715316,84.937346,Irrigation,1507755.33,1317237.52,2024-03-19,2024-09-16,United Engineering Works,96.1,/static/demo_images/irrigation_placeholder.jpg
MPL-00111,Development of sports ground with boundary wall in Subhaspur,Development of sports ground with boundary wall in Subhaspur,Bihar,Bhagalpur,25.114123,87.092729,Sports Infrastructure,706532.49,603200.92,2023-10-25,2024-04-06,Rapid Nation Builders,91.1,/static/demo_images/sports_infrastructure_placeholder.jpg
MPL-00732,Rural electrification work in Subhaspur,Rural electrification work in Subhaspur,West Bengal,Kolkata,22.536131,88.231072,Electrification,573617.54,525462.95,2020-02-15,2022-12-23,Shree Construction Co.,91.9,/static/demo_images/electrification_placeholder.jpg
MPL-00560,Installation of high-mast lighting in Ramganj,Installation of high-mast lighting in Ramganj,Bihar,Patna,25.552871,85.232712,Electrification,893835.83,866600.41,2022-11-02,2023-02-14,Sundar Infra Ltd.,95.6,/static/demo_images/electrification_placeholder.jpg
MPL-00782,Rural electrification work in Gopalpur,Rural electrification work in Gopalpur,Tamil Nadu,Trichy,10.660609,78.681717,Electrification,756258.45,691468.22,2022-03-14,2022-07-06,Vishwakarma Construction Co.,89.2,/static/demo_images/electrification_placeholder.jpg
MPL-00382,"Construction of additional classrooms at Government School, Nehrunagar","Construction of additional classrooms at Government School, Nehrunagar",West Bengal,Durgapur,23.506828,87.283087,School Infrastructure,1088372.61,963217.33,2024-09-04,2025-03-14,United Builders,93.4,/static/demo_images/school_infrastructure_placeholder.jpg
MPL-00404,Rural electrification work in Ramganj,Rural electrification work in Ramganj,Maharashtra,Thane,19.22883,73.034431,Electrification,655158.99,655876.09,2022-05-12,2022-08-21,Shree Builders,96.5,/static/demo_images/electrification_placeholder.jpg
MPL-00746,Construction of community sanitation block in Krishnapur,Construction of community sanitation block in Krishnapur,Rajasthan,Jaipur,26.977083,75.716326,Sanitation,740272.75,653467.55,2020-07-17,2020-10-22,Prime Engineering Works,95.4,/static/demo_images/sanitation_placeholder.jpg
MPL-00509,Construction of Community Centre in Gandhinagar,Construction of Community Centre in Gandhinagar,West Bengal,Durgapur,23.641785,87.334292,Community Hall,1673074.5,1736621.57,2019-10-15,2020-03-14,Progressive Builders,88.4,/static/demo_images/community_hall_placeholder.jpg
MPL-00018,Overhead water tank construction in Anandpur,Overhead water tank construction in Anandpur,Maharashtra,Nagpur,21.097591,79.196702,Drinking Water,678925.07,602913.83,2024-01-12,2024-05-18,Bharat Builders,91.3,/static/demo_images/drinking_water_placeholder.jpg
MPL-00392,Rural electrification work in Anandpur,Rural electrification work in Anandpur,Karnataka,Mangaluru,12.899319,74.877423,Electrification,947563.47,935436.92,2020-02-14,2020-05-25,Vishwakarma Infra Ltd.,97.1,/static/demo_images/electrification_placeholder.jpg
MPL-00251,Construction of Primary Health Sub-Centre in Indranagar,Construction of Primary Health Sub-Centre in Indranagar,Rajasthan,Udaipur,24.514285,73.855015,Healthcare Facility,3068832.08,2913025.98,2020-11-14,2021-06-29,Skyline Engineering Works,87.4,/static/demo_images/healthcare_facility_placeholder.jpg
MPL-00519,Construction of concrete road from Rampur to main highway,Construction of concrete road from Rampur to main highway,Bihar,Gaya,24.699324,84.876942,Road Construction,2753862.74,2829271.84,2024-05-03,2024-10-10,Bharat Construction Co.,88.1,/static/demo_images/road_construction_placeholder.jpg
MPL-00547,Construction of irrigation canal near Vijaynagar,Construction of irrigation canal near Vijaynagar,Tamil Nadu,Trichy,10.73841,78.737145,Irrigation,1510784.52,1443232.46,2021-03-12,2021-10-08,Shree Infra Ltd.,86.3,/static/demo_images/irrigation_placeholder.jpg
MPL-00720,Construction of public toilet complex in Anandpur,Construction of public toilet complex in Anandpur,Karnataka,Mangaluru,12.905314,74.832809,Sanitation,846575.95,792975.92,2020-09-30,2020-10-07,Modern Builders,85.3,/static/demo_images/sanitation_placeholder.jpg
MPL-00292,Borewell and handpump installation for Anandpur,Borewell and handpump installation for Anandpur,Rajasthan,Jaipur,26.969554,75.652087,Drinking Water,860174.55,777354.25,2023-03-06,2023-07-05,Shree Infra Ltd.,90.1,/static/demo_images/drinking_water_placeholder.jpg
MPL-00495,Construction of dispensary building in Tagorepur,Construction of dispensary building in Tagorepur,Kerala,Thrissur,10.455733,76.25319,Healthcare Facility,2945352.72,2841004.76,2019-04-22,2019-12-01,Ganga Construction Co.,92.3,/static/demo_images/healthcare_facility_placeholder.jpg
MPL-00286,Construction of public toilet complex in Fatehpur,Construction of public toilet complex in Fatehpur,Bihar,Darbhanga,26.170281,85.994039,Sanitation,992883.65,927081.69,2024-04-28,2024-08-11,Rapid Nation Builders,98.2,/static/demo_images/sanitation_placeholder.jpg
MPL-00575,Construction of community sanitation block in Mahadevpur,Construction of community sanitation block in Mahadevpur,Maharashtra,Nashik,20.103362,73.772567,Sanitation,445186.78,394156.73,2020-11-03,2021-01-27,Modern Infra Ltd.,91.5,/static/demo_images/sanitation_placeholder.jpg
MPL-00417,Rural electrification work in Tagorepur,Rural electrification work in Tagorepur,Karnataka,Hubli,15.297297,75.223405,Electrification,908684.4,873158.53,2022-04-26,2022-08-01,Vishwakarma Builders,93.1,/static/demo_images/electrification_placeholder.jpg
MPL-00228,Renovation of primary school building in Balrampur,Renovation of primary school building in Balrampur,West Bengal,Durgapur,23.420863,87.299096,School Infrastructure,2416532.85,2424226.88,2024-09-23,2025-02-20,United Infra Ltd.,93.6,/static/demo_images/school_infrastructure_placeholder.jpg
MPL-00096,Setting up of reading room and library in Rampur,Setting up of reading room and library in Rampur,Maharashtra,Aurangabad,19.983722,75.236706,Library,656992.92,591379.59,2020-12-15,2021-03-23,United Infra Ltd.,94.9,/static/demo_images/library_placeholder.jpg
MPL-00440,Installation of solar street lights in Shivnagar,Installation of solar street lights in Shivnagar,West Bengal,Durgapur,23.458149,87.426921,Electrification,591913.94,619117.46,2024-09-13,2024-12-01,United Construction Co.,98.6,/static/demo_images/electrification_placeholder.jpg
MPL-00299,Installation of irrigation pump sets in Ganeshpur,Installation of irrigation pump sets in Ganeshpur,Uttar Pradesh,Lucknow,26.74866,81.036459,Irrigation,1565163.06,1520820.08,2022-02-01,2022-10-03,Reliable Infra Ltd.,98.4,/static/demo_images/irrigation_placeholder.jpg
MPL-00386,Check dam construction for irrigation in Chandpur,Check dam construction for irrigation in Chandpur,Tamil Nadu,Coimbatore,10.93237,76.977914,Irrigation,1487290.46,1486147.11,2021-02-17,2021-09-18,Modern Engineering Works,96.1,/static/demo_images/irrigation_placeholder.jpg
MPL-00483,Construction of village public library in Saraswatipur,Construction of village public library in Saraswatipur,Uttar Pradesh,Meerut,29.012149,77.695273,Library,1039578.93,1054553.66,2019-10-13,2020-02-18,United Builders,95.3,/static/demo_images/library_placeholder.jpg
MPL-00591,Construction of school boundary wall in Shivnagar,Construction of school boundary wall in Shivnagar,Maharashtra,Thane,19.288644,73.107981,School Infrastructure,2019523.61,2051424.64,2021-10-28,2022-05-15,Modern Engineering Works,98.3,/static/demo_images/school_infrastructure_placeholder.jpg
MPL-00885,Construction of school boundary wall in Tagorepur,Construction of school boundary wall in Tagorepur,Maharashtra,Nagpur,21.07628,78.999912,School Infrastructure,2494309.77,2293584.24,2019-01-13,2019-06-04,Rapid Nation Builders,86.4,/static/demo_images/school_infrastructure_placeholder.jpg
MPL-00271,Installation of high-mast lighting in Fatehpur,Installation of high-mast lighting in Fatehpur,Uttar Pradesh,Kanpur,26.342531,80.466411,Electrification,862018.1,872431.48,2020-12-20,2021-04-05,Modern Infra Ltd.,85.6,/static/demo_images/electrification_placeholder.jpg
MPL-00103,Overhead water tank construction in Fatehpur,Overhead water tank construction in Fatehpur,Kerala,Kochi,9.949705,76.318304,Drinking Water,808646.91,828637.85,2019-07-30,2019-12-14,Ganga Construction Co.,94.0,/static/demo_images/drinking_water_placeholder.jpg
MPL-00208,Construction of open gymnasium in Krishnapur,Construction of open gymnasium in Krishnapur,Karnataka,Hubli,15.394113,75.071329,Sports Infrastructure,1083761.71,984456.05,2023-05-08,2023-09-22,National Infra Ltd.,95.9,/static/demo_images/sports_infrastructure_placeholder.jpg
MPL-00470,Construction of community sanitation block in Krishnapur,Construction of community sanitation block in Krishnapur,West Bengal,Durgapur,23.633515,87.273375,Sanitation,1000620.23,911090.48,2024-11-20,2025-02-11,Ganga Infra Ltd.,87.6,/static/demo_images/sanitation_placeholder.jpg
MPL-00281,Installation of high-mast lighting in Nehrunagar,Installation of high-mast lighting in Nehrunagar,Maharashtra,Pune,18.638368,73.918051,Electrification,618794.0,606868.0,2019-08-08,2019-10-25,United Construction Co.,90.0,/static/demo_images/electrification_placeholder.jpg
MPL-00310,Renovation of primary school building in Tagorepur,Renovation of primary school building in Tagorepur,Bihar,Darbhanga,26.289221,86.009402,School Infrastructure,2442325.93,2335368.56,2019-03-15,2019-08-22,Shree Construction Co.,94.4,/static/demo_images/school_infrastructure_placeholder.jpg
MPL-00024,Upgradation of health centre facilities in Mahadevpur,Upgradation of health centre facilities in Mahadevpur,Maharashtra,Thane,19.347005,73.10882,Healthcare Facility,1523288.64,1484036.31,2020-02-14,2020-11-05,National Builders,93.1,/static/demo_images/healthcare_facility_placeholder.jpg
MPL-00762,Renovation of primary school building in Narayanpur,Renovation of primary school building in Narayanpur,Maharashtra,Aurangabad,19.750316,75.49429,School Infrastructure,2109884.53,1912397.96,2022-01-15,2022-06-02,Apex Builders,98.4,/static/demo_images/school_infrastructure_placeholder.jpg
MPL-00525,Renovation of primary school building in Shivnagar,Renovation of primary school building in Shivnagar,Karnataka,Bengaluru,12.889935,77.515736,School Infrastructure,1822671.82,1622161.82,2024-06-07,2024-11-10,Om Infra Ltd.,98.4,/static/demo_images/school_infrastructure_placeholder.jpg
MPL-00436,Renovation of panchayat library building in Mahadevpur,Renovation of panchayat library building in Mahadevpur,Karnataka,Hubli,15.258446,74.987463,Library,1276354.73,1135875.35,2023-03-12,2023-07-11,Bharat Engineering Works,96.4,/static/demo_images/library_placeholder.jpg
MPL-00332,Development of sports ground with boundary wall in Ganeshpur,Development of sports ground with boundary wall in Ganeshpur,Kerala,Kozhikode,11.110101,75.851264,Sports Infrastructure,1268548.96,1188074.85,2024-06-01,2024-10-02,Highway Builders,96.7,/static/demo_images/sports_infrastructure_placeholder.jpg
MPL-00804,Check dam construction for irrigation in Subhaspur,Check dam construction for irrigation in Subhaspur,Karnataka,Hubli,15.494565,75.217216,Irrigation,2491482.7,2155814.95,2019-01-09,2019-07-10,Shree Balaji Infra Pvt Ltd,97.9,/static/demo_images/irrigation_placeholder.jpg
MPL-00320,Overhead water tank construction in Ganeshpur,Overhead water tank construction in Ganeshpur,Uttar Pradesh,Varanasi,25.36176,82.922498,Drinking Water,1195622.09,1244663.92,2022-01-03,2022-05-23,National Engineering Works,90.6,/static/demo_images/drinking_water_placeholder.jpg
MPL-00621,Construction of irrigation canal near Ramganj,Construction of irrigation canal near Ramganj,Maharashtra,Pune,18.665656,73.911994,Irrigation,1710776.44,1539238.09,2019-11-10,2020-04-23,Om Builders,92.7,/static/demo_images/irrigation_placeholder.jpg
MPL-00852,Installation of solar street lights in Indranagar,Installation of solar street lights in Indranagar,Karnataka,Hubli,15.34592,75.003873,Electrification,840703.18,799383.8,2023-05-25,2023-09-05,Shree Balaji Infra Pvt Ltd,97.6,/static/demo_images/electrification_placeholder.jpg
MPL-00199,Construction of Community Hall in Shivnagar,Construction of Community Hall in Shivnagar,Rajasthan,Udaipur,24.592716,73.634791,Community Hall,1829671.26,1647589.03,2019-11-20,2020-04-18,Skyline Engineering Works,99.4,/static/demo_images/community_hall_placeholder.jpg
MPL-00401,Construction of Primary Health Sub-Centre in Devipur,Construction of Primary Health Sub-Centre in Devipur,Karnataka,Belagavi,15.920978,74.480648,Healthcare Facility,1816029.27,1734940.78,2023-01-01,2023-09-02,Metro Builders,98.0,/static/demo_images/healthcare_facility_placeholder.jpg
MPL-00812,Construction of link road connecting Subhaspur,Construction of link road connecting Subhaspur,Karnataka,Hubli,15.236831,75.225231,Road Construction,3235049.35,2769322.41,2023-02-05,2023-09-16,Shree Balaji Infra Pvt Ltd,87.1,/static/demo_images/road_construction_placeholder.jpg
MPL-00603,Overhead water tank construction in Gandhinagar,Overhead water tank construction in Gandhinagar,Maharashtra,Nashik,19.978048,73.915797,Drinking Water,842966.29,830087.46,2021-02-19,2021-07-09,Vishwakarma Infra Ltd.,89.3,/static/demo_images/drinking_water_placeholder.jpg
MPL-00754,Repair and widening of village road in Indranagar,Repair and widening of village road in Indranagar,Bihar,Gaya,24.801774,85.096848,Road Construction,3081128.54,2694782.94,2020-06-11,2021-02-20,Om Construction Co.,88.1,/static/demo_images/road_construction_placeholder.jpg
MPL-00098,Installation of irrigation pump sets in Vijaynagar,Installation of irrigation pump sets in Vijaynagar,Bihar,Patna,25.6222,85.123202,Irrigation,1560944.54,1518832.39,2024-11-05,2025-06-08,Ganga Infra Ltd.,91.9,/static/demo_images/irrigation_placeholder.jpg
MPL-00156,Renovation of panchayat library building in Ashoknagar,Renovation of panchayat library building in Ashoknagar,Bihar,Gaya,24.786676,85.011207,Library,1302455.13,1219339.68,2021-12-19,2022-04-11,Skyline Infra Ltd.,96.5,/static/demo_images/library_placeholder.jpg
MPL-00954,Renovation of primary school building in Mahadevpur,Renovation of primary school building in Mahadevpur,Kerala,Thrissur,10.446529,76.312746,School Infrastructure,2856140.95,2956515.42,2021-09-30,2022-02-23,SuperFast Construction Co.,96.6,/static/demo_images/school_infrastructure_placeholder.jpg
MPL-00555,Installation of drinking water supply system in Narayanpur,Installation of drinking water supply system in Narayanpur,Kerala,Thiruvananthapuram,8.548596,76.830441,Drinking Water,848835.17,839206.5,2023-01-19,2023-05-15,Reliable Builders,94.5,/static/demo_images/drinking_water_placeholder.jpg
MPL-00851,Drainage system construction in Bhagwanpur,Drainage system construction in Bhagwanpur,Karnataka,Hubli,15.40803,75.222565,Sanitation,980932.15,947159.37,2020-12-12,2021-04-05,Shree Balaji Infra Pvt Ltd,91.0,/static/demo_images/sanitation_placeholder.jpg
MPL-00761,"Construction of additional classrooms at Government School, Narayanpur","Construction of additional classrooms at Government School, Narayanpur",Maharashtra,Aurangabad,19.755584,75.487146,School Infrastructure,1480006.03,1539734.0,2024-11-26,2025-04-27,Ganga Engineering Works,93.8,/static/demo_images/school_infrastructure_placeholder.jpg
MPL-00016,"Construction of additional classrooms at Government School, Krishnapur","Construction of additional classrooms at Government School, Krishnapur",Uttar Pradesh,Agra,27.284591,77.879357,School Infrastructure,1508408.34,1483965.42,2021-05-27,2021-11-13,Progressive Builders,87.0,/static/demo_images/school_infrastructure_placeholder.jpg
MPL-00910,Construction of Primary Health Sub-Centre in Subhaspur,Construction of Primary Health Sub-Centre in Subhaspur,West Bengal,Asansol,23.811627,86.950289,Healthcare Facility,3169249.15,2941817.0,2020-03-15,2020-12-23,Rapid Nation Builders,92.0,/static/demo_images/healthcare_facility_placeholder.jpg
MPL-00426,Installation of solar street lights in Nehrunagar,Installation of solar street lights in Nehrunagar,Rajasthan,Udaipur,24.604343,73.626678,Electrification,819424.93,848292.77,2021-11-06,2022-01-23,Skyline Infra Ltd.,99.4,/static/demo_images/electrification_placeholder.jpg
MPL-00915,Construction of dispensary building in Ganeshpur,Construction of dispensary building in Ganeshpur,Bihar,Muzaffarpur,26.069723,85.527158,Healthcare Facility,2370238.05,2307414.9,2020-10-13,2021-06-01,Rapid Nation Builders,88.5,/static/demo_images/healthcare_facility_placeholder.jpg
MPL-00781,Installation of solar street lights in Gopalpur,Installation of solar street lights in Gopalpur,Tamil Nadu,Trichy,10.658905,78.682822,Electrification,390993.29,340950.45,2023-09-09,2023-11-16,Rajdhani Engineering Works,89.8,/static/demo_images/electrification_placeholder.jpg
MPL-00721,Construction of village public library in Balrampur,Construction of village public library in Balrampur,West Bengal,Siliguri,26.742956,88.29801,Library,882405.21,804020.68,2024-05-23,2027-05-28,National Builders,90.0,/static/demo_images/library_placeholder.jpg
MPL-00951,Renovation of panchayat library building in Indranagar,Renovation of panchayat library building in Indranagar,Tamil Nadu,Trichy,10.829597,78.774885,Library,1025070.65,896166.45,2024-04-18,2024-08-27,SuperFast Construction Co.,94.9,/static/demo_images/library_placeholder.jpg
MPL-00517,Development of sports ground with boundary wall in Ganeshpur,Development of sports ground with boundary wall in Ganeshpur,Kerala,Thiruvananthapuram,8.625028,77.024531,Sports Infrastructure,1500650.67,1453555.83,2020-08-01,2020-12-03,Reliable Builders,87.5,/static/demo_images/sports_infrastructure_placeholder.jpg
MPL-00076,Installation of high-mast lighting in Balrampur,Installation of high-mast lighting in Balrampur,Karnataka,Hubli,15.327863,75.253856,Electrification,881761.01,922458.62,2021-09-05,2021-12-03,Rapid Nation Builders,90.7,/static/demo_images/electrification_placeholder.jpg
MPL-00079,Construction of Community Centre in Krishnapur,Construction of Community Centre in Krishnapur,Rajasthan,Jodhpur,26.323358,72.953807,Community Hall,1834889.1,1705523.3,2024-12-25,2025-07-14,Apex Construction Co.,99.3,/static/demo_images/community_hall_placeholder.jpg
MPL-00087,Construction of Primary Health Sub-Centre in Mahadevpur,Construction of Primary Health Sub-Centre in Mahadevpur,Uttar Pradesh,Varanasi,25.341472,83.043608,Healthcare Facility,1725333.44,1568366.21,2020-06-25,2021-02-19,Progressive Builders,98.1,/static/demo_images/healthcare_facility_placeholder.jpg
MPL-00277,Renovation of primary school building in Vijaynagar,Renovation of primary school building in Vijaynagar,Uttar Pradesh,Meerut,28.884866,77.821996,School Infrastructure,1239706.82,1229532.75,2024-01-04,2024-05-02,Shree Builders,89.0,/static/demo_images/school_infrastructure_placeholder.jpg
MPL-00759,Installation of solar street lights in Fatehpur,Installation of solar street lights in Fatehpur,Tamil Nadu,Madurai,9.969531,78.123228,Electrification,458425.84,464987.55,2023-04-02,2023-06-21,Shree Engineering Works,99.5,/static/demo_images/electrification_placeholder.jpg
MPL-00838,Construction of village playground in Gandhinagar,Construction of village playground in Gandhinagar,Karnataka,Hubli,15.504377,75.105035,Sports Infrastructure,1663857.6,1604064.17,2019-02-10,2019-07-05,Shree Balaji Infra Pvt Ltd,93.4,/static/demo_images/sports_infrastructure_placeholder.jpg
MPL-00135,Installation of solar street lights in Ashoknagar,Installation of solar street lights in Ashoknagar,Bihar,Darbhanga,26.253315,85.947205,Electrification,948491.51,896994.33,2024-02-18,2024-05-20,Om Construction Co.,89.4,/static/demo_images/electrification_placeholder.jpg
MPL-00411,Construction of public toilet complex in Mahadevpur,Construction of public toilet complex in Mahadevpur,West Bengal,Kolkata,22.643886,88.223953,Sanitation,742584.24,745702.49,2024-04-20,2024-06-16,Apex Builders,95.2,/static/demo_images/sanitation_placeholder.jpg
MPL-00672,Construction of dispensary building in Bhagwanpur,Construction of dispensary building in Bhagwanpur,Bihar,Muzaffarpur,25.979435,85.531543,Healthcare Facility,3194336.15,8725933.14,2024-02-03,2024-09-16,Shree Construction Co.,99.1,/static/demo_images/healthcare_facility_placeholder.jpg
MPL-00387,"Construction of additional classrooms at Government School, Narayanpur","Construction of additional classrooms at Government School, Narayanpur",West Bengal,Kolkata,22.491362,88.464382,School Infrastructure,2585402.48,2381686.92,2019-11-18,2020-04-18,Modern Engineering Works,94.2,/static/demo_images/school_infrastructure_placeholder.jpg
MPL-00803,Construction of open gymnasium in Chandpur,Construction of open gymnasium in Chandpur,Karnataka,Hubli,15.26911,75.101573,Sports Infrastructure,1642429.31,1621787.49,2020-03-01,2020-06-27,Shree Balaji Infra Pvt Ltd,89.1,/static/demo_images/sports_infrastructure_placeholder.jpg
MPL-00833,Repair and widening of village road in Anandpur,Repair and widening of village road in Anandpur,Karnataka,Hubli,15.274541,75.072616,Road Construction,2018026.7,2117490.49,2024-05-04,2024-10-12,Shree Balaji Infra Pvt Ltd,86.7,/static/demo_images/road_construction_placeholder.jpg
MPL-00127,Installation of irrigation pump sets in Vijaynagar,Installation of irrigation pump sets in Vijaynagar,Uttar Pradesh,Agra,27.306988,78.07152,Irrigation,2120227.84,1855062.72,2024-01-15,2024-08-17,Highway Builders,87.2,/static/demo_images/irrigation_placeholder.jpg
MPL-00768,Construction of community sanitation block in Subhaspur,Construction of community sanitation block in Subhaspur,Uttar Pradesh,Lucknow,26.979011,80.843856,Sanitation,919912.05,911189.76,2022-11-14,2023-02-05,Highway Engineering Works,99.9,/static/demo_images/sanitation_placeholder.jpg
MPL-00279,Drainage system construction in Vijaynagar,Drainage system construction in Vijaynagar,Bihar,Gaya,24.758104,85.098842,Sanitation,972111.0,938681.17,2024-01-23,2024-05-02,National Builders,97.0,/static/demo_images/sanitation_placeholder.jpg
MPL-00035,"Construction of additional classrooms at Government School, Narayanpur","Construction of additional classrooms at Government School, Narayanpur",Kerala,Thiruvananthapuram,8.586736,76.787107,School Infrastructure,2746035.3,2629851.64,2021-03-18,2021-08-07,Skyline Infra Ltd.,91.5,/static/demo_images/school_infrastructure_placeholder.jpg
MPL-00254,Construction of dispensary building in Krishnapur,Construction of dispensary building in Krishnapur,Karnataka,Bengaluru,12.933442,77.595212,Healthcare Facility,3754852.52,3326306.96,2024-10-13,2025-05-03,Om Builders,99.3,/static/demo_images/healthcare_facility_placeholder.jpg
MPL-00705,Construction of public toilet complex in Balrampur,Construction of public toilet complex in Balrampur,Bihar,Gaya,24.944095,84.87316,Sanitation,493657.19,495290.12,2021-11-01,2021-11-08,Prime Infra Ltd.,92.6,/static/demo_images/sanitation_placeholder.jpg
MPL-00791,Construction of Primary Health Sub-Centre in Sundarpur,Construction of Primary Health Sub-Centre in Sundarpur,Maharashtra,Thane,19.362307,73.124961,Healthcare Facility,2024930.96,1768244.57,2023-02-20,2023-09-17,Metro Builders,86.2,/static/demo_images/healthcare_facility_placeholder.jpg
MPL-00647,Construction of irrigation canal near Chandpur,Construction of irrigation canal near Chandpur,Uttar Pradesh,Lucknow,26.938316,81.0929,Irrigation,2214634.73,2278566.32,2021-08-15,2022-02-05,Skyline Construction Co.,89.5,/static/demo_images/irrigation_placeholder.jpg
MPL-00236,Renovation of primary school building in Saraswatipur,Renovation of primary school building in Saraswatipur,Rajasthan,Udaipur,24.53226,73.647578,School Infrastructure,2065158.96,1809324.69,2024-06-10,2024-10-11,Metro Engineering Works,98.4,/static/demo_images/school_infrastructure_placeholder.jpg
MPL-00025,Upgradation of health centre facilities in Ganeshpur,Upgradation of health centre facilities in Ganeshpur,Bihar,Bhagalpur,25.356759,87.097981,Healthcare Facility,2423817.72,2136714.98,2024-12-06,2025-08-31,Shree Builders,95.0,/static/demo_images/healthcare_facility_placeholder.jpg
MPL-00309,Setting up of reading room and library in Lakshmipur,Setting up of reading room and library in Lakshmipur,Tamil Nadu,Chennai,13.168263,80.354626,Library,656465.36,614938.86,2024-05-09,2024-08-11,Apex Builders,85.1,/static/demo_images/library_placeholder.jpg
MPL-00290,Renovation of panchayat library building in Fatehpur,Renovation of panchayat library building in Fatehpur,Uttar Pradesh,Lucknow,26.931206,80.829956,Library,674678.09,649930.08,2020-02-15,2020-06-12,United Builders,93.4,/static/demo_images/library_placeholder.jpg
MPL-00930,Construction of public toilet complex in Sundarpur,Construction of public toilet complex in Sundarpur,Karnataka,Mysuru,12.21541,76.665985,Sanitation,578988.12,578695.81,2019-07-07,2019-10-29,SuperFast Construction Co.,99.9,/static/demo_images/sanitation_placeholder.jpg
MPL-00044,Renovation of primary school building in Krishnapur,Renovation of primary school building in Krishnapur,Maharashtra,Aurangabad,19.84848,75.356083,School Infrastructure,1828393.62,1629769.51,2023-09-17,2024-03-10,Apex Builders,98.6,/static/demo_images/school_infrastructure_placeholder.jpg
MPL-00497,Construction of irrigation canal near Vijaynagar,Construction of irrigation canal near Vijaynagar,Maharashtra,Aurangabad,19.804576,75.403532,Irrigation,2061345.18,2081699.73,2019-12-12,2020-07-16,Bharat Infra Ltd.,93.9,/static/demo_images/irrigation_placeholder.jpg
MPL-00811,Construction of school boundary wall in Sundarpur,Construction of school boundary wall in Sundarpur,Karnataka,Hubli,15.25604,75.262616,School Infrastructure,2347133.14,2172253.31,2023-03-03,2023-09-26,Shree Balaji Infra Pvt Ltd,85.8,/static/demo_images/school_infrastructure_placeholder.jpg
MPL-00408,Installation of drinking water supply system in Balrampur,Installation of drinking water supply system in Balrampur,Maharashtra,Aurangabad,19.781981,75.223982,Drinking Water,695356.11,690515.87,2019-02-03,2019-05-24,Rajdhani Builders,86.4,/static/demo_images/drinking_water_placeholder.jpg
MPL-00514,Building of village community hall at Tagorepur,Building of village community hall at Tagorepur,Bihar,Darbhanga,26.074096,85.76341,Community Hall,2003189.59,1898580.91,2019-03-20,2019-10-19,Modern Construction Co.,98.6,/static/demo_images/community_hall_placeholder.jpg
MPL-00105,Construction of school boundary wall in Gopalpur,Construction of school boundary wall in Gopalpur,Kerala,Thiruvananthapuram,8.666464,77.032128,School Infrastructure,2184431.9,2137553.63,2021-12-31,2022-07-20,Shree Engineering Works,87.7,/static/demo_images/school_infrastructure_placeholder.jpg
MPL-00540,Construction of Primary Health Sub-Centre in Bhagwanpur,Construction of Primary Health Sub-Centre in Bhagwanpur,Uttar Pradesh,Kanpur,26.306511,80.422497,Healthcare Facility,3587368.8,3422077.54,2022-10-07,2023-05-30,Reliable Construction Co.,93.7,/static/demo_images/healthcare_facility_placeholder.jpg
MPL-00774,Construction of community sanitation block in Saraswatipur,Construction of community sanitation block in Saraswatipur,Maharashtra,Nagpur,21.020253,79.086734,Sanitation,547527.43,554266.82,2020-03-21,2020-06-29,Reliable Engineering Works,94.8,/static/demo_images/sanitation_placeholder.jpg
MPL-00952,Check dam construction for irrigation in Chandpur,Check dam construction for irrigation in Chandpur,Bihar,Muzaffarpur,26.031007,85.413173,Irrigation,2871032.09,2629110.03,2023-01-22,2023-07-03,SuperFast Construction Co.,88.5,/static/demo_images/irrigation_placeholder.jpg
MPL-00866,Borewell and handpump installation for Gandhinagar,Borewell and handpump installation for Gandhinagar,Karnataka,Bengaluru,12.885732,77.614841,Drinking Water,737248.99,660965.65,2019-09-29,2020-02-03,Rapid Nation Builders,90.8,/static/demo_images/drinking_water_placeholder.jpg
MPL-00037,Construction of village playground in Ganeshpur,Construction of village playground in Ganeshpur,West Bengal,Asansol,23.650034,87.084509,Sports Infrastructure,1405049.74,1447989.62,2019-01-02,2019-04-29,Ganga Infra Ltd.,89.3,/static/demo_images/sports_infrastructure_placeholder.jpg
MPL-00014,Building of village community hall at Ganeshpur,Building of village community hall at Ganeshpur,Bihar,Darbhanga,26.146785,85.906741,Community Hall,1297584.94,1329358.39,2023-09-30,2024-02-11,Prime Engineering Works,98.9,/static/demo_images/community_hall_placeholder.jpg
MPL-00255,Check dam construction for irrigation in Ramganj,Check dam construction for irrigation in Ramganj,Uttar Pradesh,Meerut,28.93269,77.722327,Irrigation,1155141.43,1028230.93,2021-09-20,2022-03-15,Cityscape Engineering Works,90.5,/static/demo_images/irrigation_placeholder.jpg
MPL-00751,Construction of village public library in Fatehpur,Construction of village public library in Fatehpur,Uttar Pradesh,Kanpur,26.44375,80.390018,Library,625097.91,605454.71,2023-11-12,2024-01-05,Ganga Infra Ltd.,93.6,/static/demo_images/library_placeholder.jpg
MPL-00939,Repair and widening of village road in Balrampur,Repair and widening of village road in Balrampur,Uttar Pradesh,Agra,27.312442,78.137842,Road Construction,1952320.65,2046380.01,2024-10-26,2025-04-21,SuperFast Construction Co.,88.9,/static/demo_images/road_construction_placeholder.jpg
MPL-00221,Development of sports ground with boundary wall in Gopalpur,Development of sports ground with boundary wall in Gopalpur,Karnataka,Mysuru,12.215357,76.610914,Sports Infrastructure,862896.95,843995.86,2021-03-19,2021-07-22,Cityscape Builders,93.9,/static/demo_images/sports_infrastructure_placeholder.jpg
MPL-00424,Construction of open gymnasium in Tagorepur,Construction of open gymnasium in Tagorepur,Tamil Nadu,Coimbatore,10.991355,76.837454,Sports Infrastructure,1362486.73,1255657.79,2024-02-22,2024-07-23,Reliable Infra Ltd.,98.2,/static/demo_images/sports_infrastructure_placeholder.jpg
MPL-00340,Construction of village public library in Mahadevpur,Construction of village public library in Mahadevpur,Tamil Nadu,Madurai,10.048646,78.181189,Library,1122869.15,1124016.21,2021-03-15,2021-05-24,Prime Construction Co.,89.4,/static/demo_images/library_placeholder.jpg
MPL-00383,Construction of Primary Health Sub-Centre in Chandpur,Construction of Primary Health Sub-Centre in Chandpur,Bihar,Bhagalpur,25.333383,87.121213,Healthcare Facility,3690282.62,3736888.93,2023-03-25,2023-10-01,Shree Balaji Infra Pvt Ltd,92.3,/static/demo_images/healthcare_facility_placeholder.jpg
MPL-00166,Development of sports ground with boundary wall in Tagorepur,Development of sports ground with boundary wall in Tagorepur,Karnataka,Hubli,15.301037,75.146043,Sports Infrastructure,1257509.96,1294169.01,2023-06-05,2023-10-09,Skyline Construction Co.,99.3,/static/demo_images/sports_infrastructure_placeholder.jpg
MPL-00821,Rural electrification work in Krishnapur,Rural electrification work in Krishnapur,Karnataka,Hubli,15.217244,75.080995,Electrification,529441.31,492183.08,2022-12-28,2023-04-04,Shree Balaji Infra Pvt Ltd,99.6,/static/demo_images/electrification_placeholder.jpg
MPL-00298,Construction of Community Hall in Fatehpur,Construction of Community Hall in Fatehpur,Uttar Pradesh,Agra,27.283833,78.052314,Community Hall,1916542.87,1732203.48,2023-08-05,2024-01-14,Highway Builders,85.3,/static/demo_images/community_hall_placeholder.jpg
MPL-00235,Installation of solar street lights in Fatehpur,Installation of solar street lights in Fatehpur,Bihar,Gaya,24.906172,85.10435,Electrification,415884.99,434362.78,2019-09-17,2019-12-02,Progressive Construction Co.,91.0,/static/demo_images/electrification_placeholder.jpg
MPL-00736,Check dam construction for irrigation in Shivnagar,Check dam construction for irrigation in Shivnagar,Tamil Nadu,Chennai,13.131493,80.19297,Irrigation,1542117.56,1543120.71,2020-01-02,2022-12-01,United Builders,91.5,/static/demo_images/irrigation_placeholder.jpg
MPL-00881,Construction of concrete road from Devipur to main highway,Construction of concrete road from Devipur to main highway,Maharashtra,Nagpur,21.264029,78.994309,Road Construction,1382889.75,1358519.22,2019-12-11,2020-06-14,Rapid Nation Builders,90.3,/static/demo_images/road_construction_placeholder.jpg
MPL-00406,Construction of public toilet complex in Ashoknagar,Construction of public toilet complex in Ashoknagar,Maharashtra,Pune,18.525383,73.946688,Sanitation,849251.35,839726.92,2022-01-18,2022-05-21,Ganga Construction Co.,94.7,/static/demo_images/sanitation_placeholder.jpg
MPL-00932,Construction of irrigation canal near Subhaspur,Construction of irrigation canal near Subhaspur,Rajasthan,Jaipur,26.959377,75.660213,Irrigation,2922903.27,2604810.11,2023-01-02,2023-06-13,SuperFast Construction Co.,98.5,/static/demo_images/irrigation_placeholder.jpg
MPL-00859,Installation of high-mast lighting in Saraswatipur,Installation of high-mast lighting in Saraswatipur,Karnataka,Mysuru,12.325798,76.490904,Electrification,673049.13,606350.1,2019-04-05,2019-07-17,Rapid Nation Builders,92.8,/static/demo_images/electrification_placeholder.jpg
MPL-00161,Construction of community sanitation block in Fatehpur,Construction of community sanitation block in Fatehpur,Maharashtra,Nashik,20.086526,73.857397,Sanitation,901630.56,771191.15,2021-07-21,2021-09-20,Om Infra Ltd.,93.8,/static/demo_images/sanitation_placeholder.jpg
MPL-00204,Construction of link road connecting Indranagar,Construction of link road connecting Indranagar,Maharashtra,Thane,19.360597,72.844209,Road Construction,2281594.16,2322058.08,2022-10-27,2023-07-02,Apex Infra Ltd.,99.5,/static/demo_images/road_construction_placeholder.jpg
MPL-00963,Setting up of reading room and library in Nehrunagar,Setting up of reading room and library in Nehrunagar,West Bengal,Durgapur,23.40024,87.247337,Library,646695.97,585110.92,2022-03-27,2022-06-13,SuperFast Construction Co.,99.1,/static/demo_images/library_placeholder.jpg
MPL-00371,Construction of link road connecting Saraswatipur,Construction of link road connecting Saraswatipur,Maharashtra,Nashik,19.886599,73.820842,Road Construction,3140547.91,3232860.52,2024-11-08,2025-06-13,Reliable Builders,90.6,/static/demo_images/road_construction_placeholder.jpg
MPL-00216,Construction of open gymnasium in Nehrunagar,Construction of open gymnasium in Nehrunagar,Karnataka,Mangaluru,13.03842,74.738811,Sports Infrastructure,933054.07,917135.03,2020-11-12,2021-03-03,Om Builders,93.4,/static/demo_images/sports_infrastructure_placeholder.jpg
MPL-00532,Renovation of panchayat library building in Tagorepur,Renovation of panchayat library building in Tagorepur,Rajasthan,Ajmer,26.307224,74.626352,Library,1234651.51,1265320.02,2023-07-19,2023-10-31,Sundar Engineering Works,96.8,/static/demo_images/library_placeholder.jpg
MPL-00051,Setting up of reading room and library in Rampur,Setting up of reading room and library in Rampur,Maharashtra,Nagpur,21.168539,79.210608,Library,877776.26,911389.93,2021-09-21,2022-01-16,United Builders,95.5,/static/demo_images/library_placeholder.jpg
MPL-00671,Setting up of reading room and library in Indranagar,Setting up of reading room and library in Indranagar,West Bengal,Durgapur,23.421543,87.220031,Library,1204933.34,507392.36,2020-06-09,2020-09-18,National Construction Co.,86.9,/static/demo_images/library_placeholder.jpg
MPL-00065,Upgradation of health centre facilities in Gandhinagar,Upgradation of health centre facilities in Gandhinagar,West Bengal,Asansol,23.545254,86.872427,Healthcare Facility,2161386.56,2179217.02,2021-03-21,2021-09-22,Reliable Infra Ltd.,86.7,/static/demo_images/healthcare_facility_placeholder.jpg
MPL-00567,Construction of Community Centre in Saraswatipur,Construction of Community Centre in Saraswatipur,Bihar,Muzaffarpur,26.183919,85.40774,Community Hall,960912.84,879833.98,2022-07-01,2023-01-13,Cityscape Construction Co.,88.4,/static/demo_images/community_hall_placeholder.jpg
MPL-00785,Construction of irrigation canal near Shivnagar,Construction of irrigation canal near Shivnagar,Tamil Nadu,Madurai,10.057745,78.155503,Irrigation,1712805.19,1618326.35,2020-09-21,2021-04-11,Om Builders,86.9,/static/demo_images/irrigation_placeholder.jpg
MPL-00786,Check dam construction for irrigation in Shivnagar,Check dam construction for irrigation in Shivnagar,Tamil Nadu,Madurai,10.061222,78.162077,Irrigation,2806443.15,2864501.89,2022-11-23,2023-05-05,National Construction Co.,91.7,/static/demo_images/irrigation_placeholder.jpg
MPL-00362,Construction of school boundary wall in Sundarpur,Construction of school boundary wall in Sundarpur,Karnataka,Mangaluru,12.826132,74.978318,School Infrastructure,1730252.46,1633245.59,2024-02-06,2024-07-17,Om Builders,85.6,/static/demo_images/school_infrastructure_placeholder.jpg
MPL-00935,Renovation of primary school building in Shivnagar,Renovation of primary school building in Shivnagar,Kerala,Kochi,9.998673,76.353682,School Infrastructure,1144561.82,1026696.04,2020-04-12,2020-08-04,SuperFast Construction Co.,85.3,/static/demo_images/school_infrastructure_placeholder.jpg
MPL-00342,Borewell and handpump installation for Ganeshpur,Borewell and handpump installation for Ganeshpur,Maharashtra,Aurangabad,19.905264,75.425398,Drinking Water,980293.33,998554.23,2022-05-18,2022-09-25,Modern Infra Ltd.,96.8,/static/demo_images/drinking_water_placeholder.jpg
MPL-00722,"Construction of additional classrooms at Government School, Rampur","Construction of additional classrooms at Government School, Rampur",Maharashtra,Aurangabad,19.984697,75.412411,School Infrastructure,1753664.07,1632505.26,2023-08-31,2023-09-20,Apex Infra Ltd.,99.6,/static/demo_images/school_infrastructure_placeholder.jpg
MPL-00800,Construction of Community Centre in Saraswatipur,Construction of Community Centre in Saraswatipur,Tamil Nadu,Madurai,10.035301,78.213273,Community Hall,1667313.62,1696152.61,2020-08-03,2021-03-04,Bharat Infra Ltd.,98.7,/static/demo_images/community_hall_placeholder.jpg
MPL-00093,Check dam construction for irrigation in Nehrunagar,Check dam construction for irrigation in Nehrunagar,Maharashtra,Nagpur,21.277516,79.022122,Irrigation,2451533.26,2190332.04,2023-01-25,2023-07-23,United Construction Co.,99.7,/static/demo_images/irrigation_placeholder.jpg
MPL-00389,Construction of Primary Health Sub-Centre in Anandpur,Construction of Primary Health Sub-Centre in Anandpur,Bihar,Bhagalpur,25.317551,86.872674,Healthcare Facility,2814338.61,2630379.86,2022-11-23,2023-07-29,Apex Infra Ltd.,97.9,/static/demo_images/healthcare_facility_placeholder.jpg
MPL-00822,Repair and widening of village road in Chandpur,Repair and widening of village road in Chandpur,Karnataka,Hubli,15.483653,75.125074,Road Construction,2424789.66,2436942.8,2019-04-08,2019-12-23,Shree Balaji Infra Pvt Ltd,93.8,/static/demo_images/road_construction_placeholder.jpg
MPL-00022,Building of village community hall at Sundarpur,Building of village community hall at Sundarpur,Bihar,Muzaffarpur,25.996533,85.296347,Community Hall,1792552.66,1765740.57,2021-08-21,2022-02-07,Apex Engineering Works,86.8,/static/demo_images/community_hall_placeholder.jpg
MPL-00740,Renovation of primary school building in Devipur,Renovation of primary school building in Devipur,Rajasthan,Udaipur,24.467221,73.586644,School Infrastructure,1083021.28,933972.63,2021-02-16,2021-07-01,Bharat Construction Co.,99.7,/static/demo_images/school_infrastructure_placeholder.jpg
MPL-00021,Construction of irrigation canal near Ganeshpur,Construction of irrigation canal near Ganeshpur,Kerala,Kochi,9.870212,76.407913,Irrigation,2240442.55,2147327.61,2024-05-06,2024-11-21,Highway Construction Co.,98.8,/static/demo_images/irrigation_placeholder.jpg
MPL-00553,Construction of Community Centre in Narayanpur,Construction of Community Centre in Narayanpur,Uttar Pradesh,Lucknow,26.983508,81.046473,Community Hall,1608811.75,1577862.39,2024-07-07,2025-01-24,Rajdhani Engineering Works,85.4,/static/demo_images/community_hall_placeholder.jpg
MPL-00620,Construction of school boundary wall in Ashoknagar,Construction of school boundary wall in Ashoknagar,Rajasthan,Ajmer,26.513991,74.7691,School Infrastructure,2029101.68,1987393.65,2019-12-10,2020-05-17,Ganga Builders,92.0,/static/demo_images/school_infrastructure_placeholder.jpg
MPL-00133,Construction of open gymnasium in Balrampur,Construction of open gymnasium in Balrampur,Uttar Pradesh,Meerut,29.070424,77.708687,Sports Infrastructure,682367.74,699199.22,2023-03-10,2023-08-05,Vishwakarma Construction Co.,96.2,/static/demo_images/sports_infrastructure_placeholder.jpg
MPL-00338,Construction of dispensary building in Bhagwanpur,Construction of dispensary building in Bhagwanpur,Uttar Pradesh,Agra,27.036392,78.102308,Healthcare Facility,1756200.02,1797658.77,2021-07-07,2022-02-10,Progressive Engineering Works,90.8,/static/demo_images/healthcare_facility_placeholder.jpg
MPL-00626,Construction of Community Hall in Ganeshpur,Construction of Community Hall in Ganeshpur,Maharashtra,Pune,18.427641,73.95149,Community Hall,1944048.66,1725623.56,2019-04-20,2019-09-28,Prime Infra Ltd.,92.2,/static/demo_images/community_hall_placeholder.jpg
MPL-00629,Construction of community sanitation block in Gopalpur,Construction of community sanitation block in Gopalpur,Maharashtra,Nagpur,21.216923,79.116952,Sanitation,808013.17,733801.12,2024-06-21,2024-09-11,Rajdhani Builders,95.7,/static/demo_images/sanitation_placeholder.jpg
MPL-00113,Construction of school boundary wall in Gopalpur,Construction of school boundary wall in Gopalpur,Maharashtra,Nagpur,21.115935,78.961794,School Infrastructure,2646943.95,2644723.07,2019-11-09,2020-04-13,Highway Builders,94.5,/static/demo_images/school_infrastructure_placeholder.jpg
MPL-00641,Construction of village playground in Krishnapur,Construction of village playground in Krishnapur,Uttar Pradesh,Lucknow,26.798191,80.916695,Sports Infrastructure,1509609.91,1414224.39,2020-09-10,2021-01-13,Rapid Nation Builders,85.9,/static/demo_images/sports_infrastructure_placeholder.jpg
MPL-00799,Construction of Community Hall in Saraswatipur,Construction of Community Hall in Saraswatipur,Tamil Nadu,Madurai,10.042917,78.214439,Community Hall,1361077.49,1287282.15,2021-12-31,2022-06-30,Progressive Builders,86.8,/static/demo_images/community_hall_placeholder.jpg
MPL-00212,Construction of irrigation canal near Chandpur,Construction of irrigation canal near Chandpur,Tamil Nadu,Madurai,10.064572,78.260418,Irrigation,1693751.49,1675105.92,2024-07-04,2024-12-12,Rapid Nation Builders,96.7,/static/demo_images/irrigation_placeholder.jpg
MPL-00549,Rural electrification work in Anandpur,Rural electrification work in Anandpur,Rajasthan,Udaipur,24.439057,73.665976,Electrification,544851.21,511678.06,2023-12-25,2024-03-15,Reliable Builders,97.1,/static/demo_images/electrification_placeholder.jpg
MPL-00171,Borewell and handpump installation for Anandpur,Borewell and handpump installation for Anandpur,Tamil Nadu,Coimbatore,10.922693,77.030501,Drinking Water,1177832.55,1069346.39,2020-03-15,2020-07-27,Metro Infra Ltd.,89.3,/static/demo_images/drinking_water_placeholder.jpg
MPL-00897,Installation of high-mast lighting in Ramganj,Installation of high-mast lighting in Ramganj,Maharashtra,Thane,19.267898,73.058766,Electrification,453022.21,392861.17,2021-03-16,2021-06-08,Rapid Nation Builders,91.5,/static/demo_images/electrification_placeholder.jpg
MPL-00587,Construction of community sanitation block in Gopalpur,Construction of community sanitation block in Gopalpur,West Bengal,Siliguri,26.835156,88.518641,Sanitation,863749.24,880327.52,2020-10-19,2021-01-25,Vishwakarma Construction Co.,95.3,/static/demo_images/sanitation_placeholder.jpg
MPL-00227,Construction of open gymnasium in Indranagar,Construction of open gymnasium in Indranagar,Karnataka,Belagavi,15.848191,74.553109,Sports Infrastructure,1117193.48,1137278.79,2019-05-07,2019-09-05,Rajdhani Construction Co.,89.4,/static/demo_images/sports_infrastructure_placeholder.jpg
MPL-00420,Construction of Community Hall in Lakshmipur,Construction of Community Hall in Lakshmipur,Uttar Pradesh,Varanasi,25.228224,82.969511,Community Hall,1048130.38,1010609.87,2023-05-11,2023-11-19,Modern Infra Ltd.,92.9,/static/demo_images/community_hall_placeholder.jpg
MPL-00459,Renovation of panchayat library building in Ashoknagar,Renovation of panchayat library building in Ashoknagar,West Bengal,Durgapur,23.616436,87.224191,Library,706355.99,608181.54,2019-05-13,2019-08-25,Rapid Nation Builders,97.6,/static/demo_images/library_placeholder.jpg
MPL-00316,Drainage system construction in Shivnagar,Drainage system construction in Shivnagar,Maharashtra,Thane,19.28393,72.86342,Sanitation,499808.79,435459.78,2021-03-24,2021-07-22,Prime Builders,96.7,/static/demo_images/sanitation_placeholder.jpg
MPL-00047,Overhead water tank construction in Anandpur,Overhead water tank construction in Anandpur,Bihar,Darbhanga,26.173518,85.749931,Drinking Water,994199.72,872052.24,2023-04-02,2023-07-25,Metro Builders,88.2,/static/demo_images/drinking_water_placeholder.jpg
MPL-00839,Construction of village public library in Bhagwanpur,Construction of village public library in Bhagwanpur,Karnataka,Hubli,15.431517,75.147547,Library,670155.52,658637.28,2022-07-20,2022-11-18,Shree Balaji Infra Pvt Ltd,85.2,/static/demo_images/library_placeholder.jpg
MPL-00652,Construction of village public library in Gopalpur,Construction of village public library in Gopalpur,Maharashtra,Nashik,19.88376,73.811329,Library,576253.93,507484.31,2023-03-02,2023-07-08,Ganga Engineering Works,99.9,/static/demo_images/library_placeholder.jpg
MPL-00348,Construction of link road connecting Tagorepur,Construction of link road connecting Tagorepur,Rajasthan,Udaipur,24.481526,73.700268,Road Construction,2049773.83,1778187.36,2019-08-11,2020-02-12,Sundar Infra Ltd.,96.9,/static/demo_images/road_construction_placeholder.jpg
MPL-00225,Repair and widening of village road in Lakshmipur,Repair and widening of village road in Lakshmipur,West Bengal,Siliguri,26.785131,88.398547,Road Construction,2240126.03,1965875.15,2020-12-10,2021-06-22,Progressive Engineering Works,87.5,/static/demo_images/road_construction_placeholder.jpg
